name,team,avg,hr,r,rbi,sb,cs,obp,slg,ops,so,singles,doubles,triples,ab,bb,gdp,ibb,h,hbp,pitches,pa,sf,sh
Chin-hui Tsao,Dodgers,1,0,1,0,0,0,1,2,3,0,0,1,0,1,0,0,0,1,0,1,1,0,0
Branden Pinder,Yankees,1,0,0,1,0,0,1,2,3,0,0,1,0,1,0,0,0,1,0,1,1,0,0
Jett Bandy,Angels,0.5,1,1,1,0,0,0.5,2,2.5,0,0,0,0,2,0,0,0,1,0,8,2,0,0
Daniel Norris,Tigers,0.5,1,1,2,0,0,0.667,2,2.667,1,0,0,0,2,1,0,0,1,0,11,3,0,0
Carlos Carrasco,Indians,1,0,0,0,0,0,1,1,2,0,1,0,0,1,0,0,0,1,0,9,3,0,2
Carlos Torres,Mets,1,0,1,0,0,0,1,1,2,0,1,0,0,1,0,0,0,1,0,6,1,0,0
Mike Dunn,Marlins,1,0,0,0,0,0,1,1,2,0,1,0,0,1,0,0,0,1,0,2,1,0,0
Donn Roach,Cubs,1,0,0,1,0,0,1,1,2,0,1,0,0,1,0,0,0,1,0,5,1,0,0
Keith Hessler,Diamondbacks,1,0,0,0,0,0,1,1,2,0,1,0,0,1,0,0,0,1,0,2,1,0,0
Ryan Brett,Rays,0.667,0,0,0,0,0,0.75,1,1.75,0,1,1,0,3,1,0,0,2,0,20,4,0,0
Randy Choate,Cardinals,0,0,0,0,0,0,1,0,1,0,0,0,0,0,1,0,0,0,0,6,1,0,0
Liam Hendriks,Blue Jays,0,0,0,0,0,0,1,0,1,0,0,0,0,0,1,0,0,0,0,6,1,0,0
Brett Oberholtzer,Astros,0,0,0,0,0,0,1,0,1,0,0,0,0,0,1,0,0,0,0,9,3,0,2
Phillippe Aumont,Phillies,0,0,0,0,0,0,1,0,1,0,0,0,0,0,1,0,0,0,0,6,1,0,0
Jason Garcia,Orioles,0,0,0,0,0,0,1,0,1,0,0,0,0,0,1,0,0,0,0,4,1,0,0
Emmanuel Burriss,Nationals,0.667,0,2,0,0,0,0.8,0.667,1.467,0,2,0,0,3,2,0,0,2,0,22,5,0,0
Justin Masterson,Red Sox,0.667,0,0,1,0,0,0.667,0.667,1.333,1,2,0,0,3,0,0,0,2,0,9,3,0,0
Mike Pelfrey,Twins,0.667,0,0,0,0,0,0.667,0.667,1.333,1,2,0,0,3,0,0,0,2,0,12,3,0,0
Peter O'Brien,Diamondbacks,0.4,1,1,3,0,0,0.5,0.8,1.3,5,2,1,0,10,2,0,0,4,0,45,12,0,0
Yovani Gallardo,Rangers,0.5,0,0,0,0,0,0.5,0.75,1.25,1,1,1,0,4,0,0,0,2,0,16,4,0,0
Nate Karns,Rays,0.25,1,1,1,0,0,0.25,1,1.25,3,0,0,0,4,0,0,0,1,0,18,5,0,1
Jarrett Parker,Giants,0.347,6,11,14,1,1,0.407,0.755,1.163,21,9,2,0,49,5,1,0,17,0,223,54,0,0
Slade Heathcott,Yankees,0.4,2,6,8,0,1,0.429,0.72,1.149,5,6,2,0,25,2,0,0,10,0,111,30,1,0
Bryce Harper,Nationals,0.33,42,118,99,6,4,0.46,0.649,1.109,131,91,38,1,521,124,15,15,172,5,2682,654,4,0
Max Stassi,Astros,0.4,1,4,2,0,0,0.438,0.6,1.038,5,5,0,0,15,1,1,0,6,0,66,17,0,1
Wandy Rodriguez,Rangers,0.5,0,1,0,0,0,0.5,0.5,1,0,1,0,0,2,0,0,0,1,0,8,2,0,0
Chris Young,Royals,0.5,0,0,3,0,0,0.5,0.5,1,1,2,0,0,4,0,0,0,2,0,9,4,0,0
Jeff Samardzija,White Sox,0.5,0,0,0,0,0,0.5,0.5,1,1,1,0,0,2,0,0,0,1,0,13,2,0,0
Aaron Laffey,Rockies,0.5,0,0,0,0,0,0.5,0.5,1,1,1,0,0,2,0,0,0,1,0,9,2,0,0
Scott Feldman,Astros,0.5,0,0,0,0,0,0.5,0.5,1,1,1,0,0,2,0,0,0,1,0,10,2,0,0
Travis Tartamella,Cardinals,0.5,0,0,0,0,0,0.5,0.5,1,0,1,0,0,2,0,0,0,1,0,6,2,0,0
Rico Noel,Yankees,0.5,0,5,0,5,2,0.5,0.5,1,0,1,0,0,2,0,0,0,1,0,6,2,0,0
Sammy Solis,Nationals,0.5,0,0,0,0,0,0.5,0.5,1,0,1,0,0,2,0,0,0,1,0,7,2,0,0
Mike Wright,Orioles,0.5,0,0,0,0,0,0.5,0.5,1,1,1,0,0,2,0,0,0,1,0,8,3,0,1
Carter Capps,Marlins,0.5,0,0,0,0,0,0.5,0.5,1,1,1,0,0,2,0,0,0,1,0,8,2,0,0
Joey Votto,Reds,0.314,29,95,80,11,3,0.459,0.541,1,135,107,33,2,545,143,11,15,171,5,3021,695,2,0
Corey Seager,Dodgers,0.337,4,17,17,2,0,0.425,0.561,0.986,19,20,8,1,98,14,2,1,33,1,456,113,0,0
Daniel Fields,Tigers,0.333,0,1,0,0,0,0.333,0.667,1,2,0,1,0,3,0,0,0,1,0,15,3,0,0
Dallas Beeler,Cubs,0.333,0,0,0,0,0,0.333,0.667,1,1,0,1,0,3,0,0,0,1,0,7,3,0,0
Paul Goldschmidt,Diamondbacks,0.321,33,103,110,21,5,0.435,0.57,1.005,151,109,38,2,567,118,16,29,182,2,2917,695,7,0
Mike Trout,Angels,0.299,41,104,90,11,7,0.402,0.59,0.991,158,93,32,6,575,92,11,14,172,10,2980,682,5,0
Miguel Cabrera,Tigers,0.338,18,64,76,1,1,0.44,0.534,0.974,82,98,28,1,429,77,19,15,145,3,1985,511,2,0
Matt Duffy,Astros,0.375,0,0,3,0,0,0.444,0.5,0.944,2,2,1,0,8,1,0,0,3,0,49,9,0,0
Mikie Mahtook,Rays,0.295,9,22,19,4,3,0.351,0.619,0.97,31,16,5,1,105,6,0,0,31,3,460,115,0,1
Franklin Gutierrez,Mariners,0.292,15,27,35,0,0,0.354,0.62,0.974,54,24,11,0,171,14,5,1,50,3,843,189,1,0
Ronald Torreyes,Dodgers,0.333,0,1,1,0,0,0.429,0.5,0.929,1,1,1,0,6,1,0,0,2,0,25,8,0,1
Josh Donaldson,Blue Jays,0.297,41,122,123,6,0,0.371,0.568,0.939,133,100,41,2,620,73,16,0,184,6,2817,711,10,2
Ryan Raburn,Indians,0.301,8,22,29,0,0,0.393,0.543,0.936,44,27,16,1,173,23,5,3,52,4,853,201,1,0
Nelson Cruz,Mariners,0.302,44,90,93,3,2,0.369,0.566,0.936,164,111,22,1,590,59,6,9,178,5,2632,655,1,0
Alfredo Marte,Angels,0.333,0,0,0,0,0,0.5,0.333,0.833,1,2,0,0,6,1,0,0,2,1,31,8,0,0
Giancarlo Stanton,Marlins,0.265,27,47,67,4,2,0.346,0.606,0.952,95,34,12,1,279,34,5,6,74,2,1221,318,3,0
Miguel Sano,Twins,0.269,18,46,52,1,1,0.385,0.53,0.916,119,39,17,1,279,53,4,1,75,1,1455,335,2,0
Edwin Encarnacion,Blue Jays,0.277,39,94,111,3,2,0.372,0.557,0.929,98,76,31,0,528,77,14,5,146,9,2517,624,10,0
Cody Stanley,Cardinals,0.4,0,2,3,0,0,0.4,0.5,0.9,3,3,1,0,10,0,0,0,4,0,49,10,0,0
Chris Davis,Orioles,0.262,47,100,117,2,3,0.361,0.562,0.923,208,72,31,0,573,84,6,6,150,8,2786,670,5,0
Jose Bautista,Blue Jays,0.25,40,108,114,8,2,0.377,0.536,0.913,106,64,29,3,543,110,19,2,136,5,2741,666,8,0
J.P. Arencibia,Rays,0.31,6,9,17,0,0,0.315,0.606,0.921,22,13,3,0,71,1,1,0,22,0,260,73,1,0
Anthony Rizzo,Cubs,0.278,31,94,101,17,6,0.387,0.512,0.899,105,91,38,3,586,78,9,9,163,30,2751,701,7,0
Brett Wallace,Padres,0.302,5,14,16,0,0,0.374,0.521,0.895,31,18,6,0,96,10,1,1,29,1,428,107,0,0
Trayce Thompson,White Sox,0.295,5,17,16,1,0,0.363,0.533,0.896,26,20,8,3,122,13,3,0,36,0,555,135,0,0
Mark Teixeira,Yankees,0.255,31,57,79,2,0,0.357,0.548,0.906,85,47,22,0,392,59,7,6,100,6,1815,462,5,0
Chris Colabello,Blue Jays,0.321,15,55,54,2,0,0.367,0.52,0.886,96,72,19,1,333,22,12,0,107,3,1372,360,2,0
Andrew McCutchen,Pirates,0.292,23,91,96,11,5,0.401,0.488,0.889,133,103,36,3,566,98,9,12,165,12,2780,685,9,0
David Peralta,Diamondbacks,0.312,17,61,78,9,4,0.371,0.522,0.893,107,91,26,10,462,44,7,2,144,4,1923,517,7,0
David Ortiz,Red Sox,0.273,37,73,108,0,1,0.36,0.553,0.913,95,70,37,0,528,77,16,16,144,0,2488,614,9,0
Tyler Matzek,Rockies,0.375,0,3,0,0,0,0.375,0.5,0.875,1,2,1,0,8,0,0,0,3,0,32,9,0,1
Curt Casali,Rays,0.238,10,13,18,0,0,0.304,0.594,0.898,34,8,6,0,101,8,2,0,24,2,441,113,1,1
Mason Williams,Yankees,0.286,1,3,3,0,0,0.318,0.571,0.89,3,2,3,0,21,1,0,0,6,0,74,22,0,0
Kyle Blanks,Rangers,0.313,3,10,6,1,0,0.352,0.522,0.875,20,13,5,0,67,4,1,0,21,0,279,71,0,0
Phil Gosselin,- - -,0.311,3,19,15,2,1,0.373,0.5,0.873,16,20,9,1,106,9,2,0,33,2,475,118,1,0
Ramon Cabrera,Reds,0.367,1,4,3,0,0,0.367,0.5,0.867,5,9,1,0,30,0,1,0,11,0,98,30,0,0
Gregory Bird,Yankees,0.261,11,26,31,0,0,0.343,0.529,0.871,53,21,9,0,157,19,1,0,41,1,746,178,1,0
Matt Carpenter,Cardinals,0.272,28,101,84,4,3,0.365,0.505,0.871,151,81,44,3,574,81,5,5,156,6,2807,665,4,0
J.D. Martinez,Tigers,0.282,38,93,102,3,2,0.344,0.535,0.879,178,95,33,2,596,53,11,7,168,5,2605,657,3,0
Andres Blanco,Phillies,0.292,7,32,25,1,1,0.36,0.502,0.863,44,36,22,3,233,21,11,0,68,4,1008,261,0,3
Justin Turner,Dodgers,0.294,16,55,60,5,2,0.37,0.491,0.861,71,70,26,1,385,36,10,1,113,13,1719,439,4,1
Nolan Arenado,Rockies,0.287,42,97,130,2,5,0.323,0.575,0.898,110,88,43,4,616,34,17,13,177,4,2322,665,11,0
Corey Dickerson,Rockies,0.304,10,30,31,0,1,0.333,0.536,0.869,56,38,18,2,224,10,3,0,68,0,898,234,0,0
A.J. Pollock,Diamondbacks,0.315,20,111,76,39,7,0.367,0.498,0.865,89,127,39,6,609,53,19,0,192,2,2361,673,9,0
Kris Bryant,Cubs,0.275,26,87,99,13,4,0.369,0.488,0.858,199,92,31,5,559,77,7,0,154,9,2651,650,5,0
Devon Travis,Blue Jays,0.304,8,38,35,3,1,0.361,0.498,0.859,43,40,18,0,217,18,4,0,66,2,946,238,1,0
Manny Machado,Orioles,0.286,35,102,86,20,8,0.359,0.502,0.861,111,115,30,1,633,70,17,2,181,4,2789,713,4,2
Randal Grichuk,Cardinals,0.276,17,49,47,4,2,0.329,0.548,0.877,110,42,23,7,323,22,6,2,89,4,1391,350,1,0
Tony Sanchez,Pirates,0.375,0,2,0,0,0,0.444,0.375,0.819,3,3,0,0,8,1,0,0,3,0,41,9,0,0
Michael Brantley,Indians,0.31,15,68,84,15,1,0.379,0.48,0.859,51,104,45,0,529,60,14,8,164,2,2149,596,5,0
Yoenis Cespedes,- - -,0.291,35,101,105,7,5,0.328,0.542,0.87,141,101,42,6,633,33,14,5,184,5,2722,676,5,0
Danny Valencia,- - -,0.29,18,59,66,2,2,0.345,0.519,0.864,80,58,23,1,345,29,13,3,100,1,1386,378,2,1
Andre Ethier,Dodgers,0.294,14,54,53,2,3,0.366,0.486,0.852,75,75,20,7,395,43,11,2,116,4,1709,445,3,0
Tom Murphy,Rockies,0.257,3,5,9,0,0,0.333,0.543,0.876,10,5,1,0,35,4,0,1,9,0,120,39,0,0
Ryan Braun,Brewers,0.285,25,87,84,24,4,0.356,0.498,0.854,115,89,27,3,506,54,20,4,144,4,2141,568,3,0
Jamie Romak,Diamondbacks,0.333,0,2,1,0,0,0.375,0.467,0.842,6,3,2,0,15,1,0,0,5,0,68,16,0,0
Carlos Correa,Astros,0.279,22,52,68,14,4,0.345,0.512,0.857,78,63,22,1,387,40,10,2,108,1,1797,432,4,0
Shin-Soo Choo,Rangers,0.276,22,94,82,4,2,0.375,0.463,0.838,147,96,32,3,555,76,7,1,153,15,2606,653,5,2
Kyle Schwarber,Cubs,0.246,16,52,43,3,3,0.355,0.487,0.842,77,34,6,1,232,36,4,1,57,4,1163,273,1,0
John Jaso,Rays,0.286,5,23,22,1,2,0.38,0.459,0.839,39,31,17,0,185,28,5,1,53,1,870,216,2,0
Kendrys Morales,Royals,0.29,22,81,106,0,0,0.362,0.485,0.847,103,100,41,2,569,58,24,4,165,8,2442,639,4,0
Stephen Piscotty,Cardinals,0.305,7,29,39,2,1,0.359,0.494,0.853,56,45,15,4,233,20,7,2,71,1,985,256,2,0
Freddie Freeman,Braves,0.276,18,62,66,3,1,0.37,0.471,0.841,98,70,27,0,416,56,6,4,115,7,1871,481,2,0
Carlos Gonzalez,Rockies,0.271,40,87,97,2,0,0.325,0.54,0.864,133,83,25,2,554,46,11,6,150,1,2235,608,6,1
Buster Posey,Giants,0.318,19,74,95,2,0,0.379,0.47,0.849,52,130,28,0,557,56,17,10,177,3,2194,623,7,0
Rob Refsnyder,Yankees,0.302,2,3,5,2,0,0.348,0.512,0.859,7,8,3,0,43,3,3,1,13,0,184,47,0,0
Joe Panik,Giants,0.312,8,59,37,3,2,0.378,0.455,0.833,42,82,27,2,382,38,7,0,119,5,1592,432,4,3
Jose Abreu,White Sox,0.29,30,88,101,0,0,0.347,0.502,0.85,140,111,34,3,613,39,16,11,178,15,2526,668,1,0
Alex Rodriguez,Yankees,0.25,33,83,86,4,0,0.356,0.486,0.842,145,75,22,1,523,84,17,5,131,6,2503,620,7,0
George Springer,Astros,0.276,16,59,41,16,4,0.367,0.459,0.826,109,70,19,2,388,50,4,0,107,8,1790,451,3,2
Prince Fielder,Rangers,0.305,23,78,98,0,0,0.378,0.463,0.841,88,136,28,0,613,64,21,14,187,11,2483,693,5,0
Lorenzo Cain,Royals,0.307,16,101,72,28,6,0.361,0.477,0.838,98,113,34,6,551,37,16,4,169,12,2299,604,4,0
Maikel Franco,Phillies,0.28,14,45,50,1,0,0.343,0.497,0.84,52,48,22,1,304,26,8,2,85,4,1198,335,1,0
Michael Conforto,Mets,0.27,9,30,26,0,1,0.335,0.506,0.841,39,24,14,0,174,17,4,0,47,1,743,194,2,0
Brandon Belt,Giants,0.28,18,73,68,9,3,0.356,0.478,0.834,147,82,33,5,492,56,3,2,138,4,2320,556,4,0
Lucas Duda,Mets,0.244,27,67,73,0,2,0.352,0.486,0.838,138,55,33,0,471,66,12,7,115,14,2266,554,3,0
David Wright,Mets,0.289,5,24,17,2,1,0.379,0.434,0.814,36,32,7,0,152,22,4,0,44,0,686,174,0,0
Enrique Hernandez,Dodgers,0.307,7,24,22,0,2,0.346,0.49,0.836,46,41,12,2,202,11,3,0,62,2,826,218,2,1
Francisco Lindor,Indians,0.313,12,50,51,12,2,0.353,0.482,0.835,69,84,22,4,390,27,12,0,122,1,1578,438,7,13
Curtis Granderson,Mets,0.259,26,98,70,11,6,0.364,0.457,0.821,151,89,33,2,580,91,3,3,150,7,2981,682,4,0
Henderson Alvarez,Marlins,0.333,0,1,1,0,0,0.333,0.5,0.833,1,1,1,0,6,0,0,0,2,0,24,6,0,0
Michael Reed,Brewers,0.333,0,2,0,0,0,0.333,0.5,0.833,3,1,1,0,6,0,0,0,2,0,31,6,0,0
Alec Asher,Phillies,0.333,0,0,0,0,0,0.333,0.5,0.833,3,1,1,0,6,0,0,0,2,0,25,6,0,0
Jung-ho Kang,Pirates,0.287,15,60,58,5,4,0.355,0.461,0.816,99,80,24,2,421,28,10,0,121,17,1881,467,1,0
Travis d'Arnaud,Mets,0.268,12,31,41,0,0,0.34,0.485,0.825,49,37,14,1,239,23,7,0,64,4,988,268,2,0
Jackie Bradley Jr.,Red Sox,0.249,10,43,43,3,0,0.335,0.498,0.832,69,24,17,4,221,27,5,0,55,3,1067,255,3,1
Jason Kipnis,Indians,0.303,9,86,52,12,8,0.372,0.451,0.823,107,112,43,7,565,57,5,6,171,9,2540,641,6,4
Eric Hosmer,Royals,0.297,18,98,93,7,3,0.363,0.459,0.822,108,122,33,5,599,61,16,6,178,3,2557,667,3,1
Shawn O'Malley,Mariners,0.262,1,10,7,3,0,0.418,0.357,0.775,14,9,1,0,42,12,0,0,11,0,215,57,1,2
Adrian Gonzalez,Dodgers,0.275,28,76,90,0,1,0.35,0.48,0.83,107,96,33,0,571,62,21,10,157,6,2485,643,3,0
Jason Rogers,Brewers,0.296,4,22,16,0,0,0.367,0.441,0.808,34,33,6,2,152,15,2,0,45,2,686,169,0,0
Aaron Altherr,Phillies,0.241,5,25,22,6,2,0.338,0.489,0.827,41,13,11,4,137,16,3,0,33,5,638,161,2,1
Khris Davis,Brewers,0.247,27,54,66,6,2,0.323,0.505,0.828,122,52,16,2,392,44,9,1,97,1,1777,440,3,0
Mike Moustakas,Royals,0.284,22,73,82,1,2,0.348,0.47,0.817,76,99,34,1,549,43,14,1,156,13,2435,614,5,4
Chris Gimenez,Rangers,0.255,5,19,14,2,0,0.33,0.49,0.82,19,13,6,1,98,10,2,0,25,1,435,113,0,4
Justin Morneau,Rockies,0.31,3,19,15,0,0,0.363,0.458,0.821,25,36,10,3,168,13,2,2,52,1,637,182,0,0
Tommy Pham,Cardinals,0.268,5,28,18,2,0,0.347,0.477,0.824,41,24,7,5,153,19,1,1,41,0,677,173,1,0
Travis Shaw,Red Sox,0.274,13,31,36,0,1,0.331,0.491,0.822,57,39,10,0,226,18,1,1,62,2,1022,248,2,0
Mookie Betts,Red Sox,0.291,18,92,77,21,6,0.341,0.479,0.82,82,106,42,8,597,46,2,1,174,2,2634,654,6,3
Matt Holliday,Cardinals,0.279,4,24,35,2,1,0.394,0.41,0.804,49,43,16,1,229,39,9,5,64,6,1062,277,3,0
Alex Gordon,Royals,0.271,13,40,48,2,5,0.377,0.432,0.809,92,65,18,0,354,49,2,7,96,14,1683,422,5,0
Adam Lind,Brewers,0.277,20,72,87,0,0,0.36,0.46,0.82,100,87,32,0,502,66,7,11,139,1,2254,572,3,0
Sugar Marimon,Braves,0.333,0,0,0,0,0,0.429,0.333,0.762,3,2,0,0,6,1,0,0,2,0,31,7,0,0
Bryan Anderson,Athletics,0.4,0,0,1,0,0,0.429,0.4,0.829,1,2,0,0,5,1,0,0,2,0,32,8,1,1
Logan Forsythe,Rays,0.281,17,69,68,9,4,0.359,0.444,0.804,111,100,33,2,540,55,12,2,152,14,2540,615,6,0
Ben Zobrist,- - -,0.276,13,76,56,3,4,0.359,0.45,0.809,56,77,36,3,467,62,8,3,129,1,2157,535,5,0
Jackson Williams,Giants,0.2,0,1,1,1,0,0.429,0.3,0.729,1,1,1,0,10,4,0,0,2,0,58,14,0,0
Justin Ruggiano,- - -,0.248,6,20,15,5,2,0.333,0.472,0.805,41,16,8,1,125,14,1,0,31,2,550,141,0,0
Yunel Escobar,Nationals,0.314,9,75,56,2,2,0.375,0.415,0.79,70,133,25,1,535,45,24,0,168,8,1991,591,2,1
Denard Span,Nationals,0.301,5,38,22,11,0,0.365,0.431,0.796,26,52,17,0,246,25,5,0,74,1,1006,275,2,1
Scott Schebler,Dodgers,0.25,3,6,4,2,1,0.325,0.5,0.825,13,6,0,0,36,3,0,1,9,1,148,40,0,0
Nick Hundley,Rockies,0.301,10,45,43,5,6,0.339,0.467,0.807,76,74,21,5,366,21,8,0,110,1,1448,389,1,0
Mitch Moreland,Rangers,0.278,23,51,85,1,0,0.33,0.482,0.812,112,81,27,0,471,32,9,2,131,7,2033,515,5,0
Hunter Pence,Giants,0.275,9,30,40,4,1,0.327,0.478,0.806,48,34,13,1,207,16,8,0,57,0,848,223,0,0
Jose Altuve,Astros,0.313,15,86,66,38,13,0.353,0.459,0.812,67,141,40,4,638,33,17,8,200,9,2227,689,6,3
Dustin Pedroia,Red Sox,0.291,12,46,42,2,2,0.356,0.441,0.797,51,79,19,1,381,38,6,1,111,2,1638,425,3,1
Carlos Beltran,Yankees,0.276,19,57,67,0,0,0.337,0.471,0.808,85,78,34,1,478,45,12,2,132,2,2069,531,6,0
Adam Eaton,White Sox,0.287,14,98,56,18,8,0.361,0.431,0.792,131,124,28,9,610,58,5,2,175,14,2785,689,2,5
Derek Dietrich,Marlins,0.256,10,38,24,0,2,0.346,0.456,0.802,65,37,14,3,250,23,4,2,64,13,1103,289,3,0
Jason Heyward,Cardinals,0.293,13,79,60,23,3,0.359,0.439,0.797,90,110,33,4,547,56,13,4,160,2,2348,610,3,0
Charlie Blackmon,Rockies,0.287,17,93,58,43,13,0.347,0.45,0.797,112,119,31,9,614,46,4,2,176,13,2727,682,4,5
Matt den Dekker,Nationals,0.253,5,12,12,0,1,0.315,0.485,0.8,20,13,6,1,99,9,0,0,25,0,395,110,0,2
Matt Shoemaker,Angels,0,0,0,0,0,0,0.5,0,0.5,0,0,0,0,1,1,0,0,0,0,7,2,0,0
Christian Yelich,Marlins,0.3,7,63,44,16,5,0.366,0.416,0.782,101,104,30,2,476,47,14,2,143,2,2125,525,0,0
Darwin Barney,- - -,0.259,2,4,4,0,0,0.286,0.519,0.804,2,4,1,0,27,1,0,0,7,0,103,30,0,2
Justin Bour,Marlins,0.262,23,42,73,0,0,0.321,0.479,0.8,101,64,20,0,409,34,19,3,107,2,1707,446,1,0
Todd Frazier,Reds,0.255,35,82,89,13,8,0.309,0.498,0.806,137,79,43,1,619,44,19,3,158,7,2565,678,7,1
Brandon Guyer,Rays,0.265,8,51,28,10,4,0.359,0.413,0.771,61,57,21,2,332,25,5,0,88,24,1425,385,1,3
Francisco Cervelli,Pirates,0.295,7,56,43,1,1,0.37,0.401,0.771,94,104,17,5,451,46,12,1,133,8,2003,510,1,4
Clint Robinson,Nationals,0.272,10,44,34,0,0,0.358,0.424,0.782,52,58,15,1,309,37,6,4,84,5,1394,352,1,0
Russell Martin,Blue Jays,0.24,23,76,77,4,5,0.329,0.458,0.787,106,58,23,2,441,53,22,1,106,8,2112,507,5,0
Justin Upton,Padres,0.251,26,85,81,19,5,0.336,0.454,0.79,159,81,26,3,542,68,10,5,136,4,2514,620,5,0
Colby Rasmus,Astros,0.238,25,67,61,2,1,0.314,0.475,0.789,154,53,23,2,432,47,6,0,103,2,2011,485,3,1
Ben Paulsen,Rockies,0.277,11,42,49,1,2,0.326,0.462,0.787,92,56,19,4,325,23,5,0,90,2,1283,354,3,1
Josh Reddick,Athletics,0.272,20,67,77,10,2,0.333,0.449,0.781,65,94,25,4,526,49,7,1,143,0,2296,582,2,1
Xander Bogaerts,Red Sox,0.32,7,84,81,10,2,0.355,0.421,0.776,101,151,35,3,613,32,16,1,196,3,2530,654,3,3
Jonathan Schoop,Orioles,0.279,15,34,39,2,0,0.306,0.482,0.788,79,53,17,0,305,9,9,0,85,4,1122,321,2,1
Chris Coghlan,Cubs,0.25,16,64,41,11,2,0.341,0.443,0.784,94,63,25,6,440,58,8,6,110,3,2016,503,1,1
Starling Marte,Pirates,0.287,19,84,81,30,10,0.337,0.444,0.78,123,115,30,2,579,27,14,3,166,19,2281,633,5,3
Adrian Beltre,Rangers,0.287,18,83,83,1,0,0.334,0.453,0.788,65,109,32,4,567,41,18,4,163,3,2288,619,8,0
Gregor Blanco,Giants,0.291,5,59,26,13,5,0.368,0.413,0.781,59,68,19,3,327,40,3,7,95,2,1419,372,3,0
Dee Gordon,Marlins,0.333,4,88,46,58,20,0.359,0.418,0.776,91,169,24,8,615,25,6,2,205,2,2248,653,5,6
Domingo Santana,- - -,0.238,8,20,26,4,1,0.337,0.431,0.768,63,23,7,0,160,20,2,0,38,5,781,187,2,0
Adam Duvall,Reds,0.219,5,6,9,0,0,0.306,0.484,0.79,26,7,2,0,64,6,0,1,14,2,278,72,0,0
A.J. Ellis,Dodgers,0.238,7,24,21,0,0,0.355,0.403,0.758,38,27,9,0,181,32,4,1,43,1,930,217,0,3
Adonis Garcia,Braves,0.277,10,20,26,0,0,0.293,0.497,0.79,35,31,12,0,191,5,9,0,53,0,708,198,2,0
Stephen Vogt,Athletics,0.261,18,58,71,0,2,0.341,0.443,0.783,97,74,21,3,445,56,9,6,116,2,2102,511,8,0
Robinson Cano,Mariners,0.287,21,82,79,2,6,0.334,0.446,0.779,107,123,34,1,624,43,26,5,179,3,2445,674,4,0
Kelby Tomlinson,Giants,0.303,2,23,20,5,4,0.358,0.404,0.762,40,43,6,3,178,14,3,0,54,1,746,193,0,0
Yasmani Grandal,Dodgers,0.234,16,43,47,0,1,0.353,0.403,0.756,92,55,12,0,355,65,16,1,83,2,1763,426,3,1
Joc Pederson,Dodgers,0.21,26,67,54,4,7,0.346,0.417,0.763,170,55,19,1,480,92,5,6,101,9,2464,585,2,2
Jorge Polanco,Twins,0.3,0,1,1,1,0,0.417,0.3,0.717,1,3,0,0,10,2,0,0,3,0,47,12,0,0
Troy Tulowitzki,- - -,0.28,17,77,70,1,0,0.337,0.44,0.777,114,92,27,0,486,38,17,5,136,6,2111,534,4,0
Ian Kinsler,Tigers,0.296,11,94,73,10,6,0.342,0.428,0.77,80,132,35,7,624,43,14,0,185,3,2526,675,5,0
Kyle Seager,Mariners,0.266,26,85,74,6,6,0.328,0.451,0.779,98,103,37,0,623,54,17,6,166,5,2537,686,4,0
Adam Jones,Orioles,0.269,27,74,82,3,1,0.308,0.474,0.782,102,92,25,3,546,24,21,3,147,8,1996,581,3,0
Gerardo Parra,- - -,0.291,14,83,51,14,4,0.328,0.452,0.78,92,104,36,5,547,28,8,3,159,5,2085,589,5,4
Wil Myers,Padres,0.253,8,40,29,5,2,0.336,0.427,0.763,55,35,13,1,225,27,2,0,57,1,1076,253,0,0
Steve Tolleson,Blue Jays,0.268,0,9,3,2,0,0.333,0.439,0.772,9,5,5,1,41,4,1,0,11,0,143,45,0,0
Rougned Odor,Rangers,0.261,16,54,61,6,7,0.316,0.465,0.781,79,65,21,9,426,23,3,2,111,14,1755,470,5,2
Socrates Brito,Diamondbacks,0.303,0,5,1,1,0,0.324,0.455,0.778,7,6,3,1,33,1,0,0,10,0,120,34,0,0
Odubel Herrera,Phillies,0.297,8,64,41,16,8,0.344,0.418,0.762,129,106,30,3,495,28,6,0,147,8,2155,537,1,5
Albert Pujols,Angels,0.244,40,85,95,5,3,0.307,0.48,0.787,72,85,22,0,602,50,15,10,147,6,2514,661,3,0
A.J. Pierzynski,Braves,0.3,9,38,49,0,2,0.339,0.43,0.769,37,88,24,1,407,19,19,2,122,7,1455,436,3,0
Dexter Fowler,Cubs,0.25,17,102,46,20,7,0.346,0.411,0.757,154,95,29,8,596,84,5,1,149,5,2819,690,3,2
Pedro Alvarez,Pirates,0.243,27,60,77,2,0,0.318,0.469,0.787,131,61,18,0,437,48,6,9,106,2,1916,491,4,0
Chris Young,Yankees,0.252,14,53,42,3,1,0.32,0.453,0.773,73,45,20,1,318,30,6,2,80,3,1418,356,2,3
Robinson Chirinos,Rangers,0.232,10,33,34,0,0,0.325,0.438,0.762,62,27,16,1,233,28,4,0,54,5,1104,273,2,5
Brandon Crawford,Giants,0.256,21,65,84,6,4,0.321,0.462,0.782,119,72,33,4,507,39,18,9,130,11,2169,561,4,0
Seth Smith,Mariners,0.248,12,54,42,0,0,0.33,0.443,0.773,99,50,31,5,395,47,15,4,98,4,1905,452,5,1
Matt Duffy,Giants,0.295,12,77,77,12,0,0.334,0.428,0.762,96,123,28,6,573,30,22,0,169,5,2271,612,2,2
Roberto Perez,Indians,0.228,7,30,21,0,0,0.348,0.402,0.751,64,25,9,1,184,33,9,1,42,2,969,226,2,5
Carlos Santana,Indians,0.231,19,72,85,11,3,0.357,0.395,0.752,122,77,29,2,550,108,20,8,127,3,2863,666,5,0
Justin Smoak,Blue Jays,0.226,18,44,59,0,0,0.299,0.47,0.768,86,32,16,1,296,29,10,0,67,2,1262,328,1,0
Ketel Marte,Mariners,0.283,2,25,17,8,4,0.351,0.402,0.753,43,43,14,3,219,24,1,0,62,0,952,247,2,2
Cole Gillespie,Marlins,0.29,2,17,16,4,1,0.333,0.428,0.761,27,28,10,2,145,10,5,0,42,0,598,157,1,1
Marwin Gonzalez,Astros,0.279,12,44,34,4,5,0.317,0.442,0.759,74,65,18,1,344,16,9,0,96,3,1310,370,0,7
Ryan Zimmerman,Nationals,0.249,16,43,73,1,0,0.308,0.465,0.773,79,44,25,1,346,33,13,0,86,1,1546,390,10,0
Chris Dominguez,Reds,0.261,1,2,3,0,0,0.261,0.522,0.783,12,3,1,1,23,0,0,0,6,0,82,23,0,0
Hank Conger,Astros,0.229,11,25,33,0,1,0.311,0.448,0.759,63,24,11,0,201,23,6,0,46,2,930,229,2,1
Miguel Montero,Cubs,0.248,15,36,53,1,1,0.345,0.409,0.754,103,60,11,0,347,49,9,5,86,4,1639,403,3,0
Eduardo Nunez,Twins,0.282,4,23,20,8,4,0.327,0.431,0.758,29,34,14,1,188,12,1,0,53,1,723,204,1,2
Eugenio Suarez,Reds,0.28,13,42,48,4,1,0.315,0.446,0.761,94,70,19,2,372,17,7,0,104,3,1581,398,2,4
Josh Wilson,Tigers,0.316,0,4,5,0,0,0.35,0.395,0.745,15,9,3,0,38,0,1,0,12,2,135,41,0,1
Yasiel Puig,Dodgers,0.255,11,30,38,3,3,0.322,0.436,0.758,66,46,12,3,282,26,1,1,72,2,1212,311,1,0
Zack Cozart,Reds,0.258,9,28,28,3,3,0.31,0.459,0.769,29,30,10,1,194,14,4,1,50,2,749,214,3,1
Jonathan Villar,Astros,0.284,2,18,11,7,2,0.339,0.414,0.752,29,23,7,1,116,10,3,0,33,0,501,128,1,1
DJ LeMahieu,Rockies,0.301,6,85,61,23,3,0.358,0.388,0.746,107,138,21,5,564,50,20,4,170,1,2451,620,2,3
Mark Trumbo,- - -,0.262,22,62,64,0,0,0.31,0.449,0.759,132,85,23,3,508,36,12,1,133,0,2075,545,1,0
Brett Gardner,Yankees,0.259,16,94,66,20,5,0.343,0.399,0.742,135,103,26,3,571,68,8,1,148,6,2732,656,3,8
Nick Markakis,Braves,0.296,3,73,53,2,1,0.37,0.376,0.746,83,139,38,1,612,70,17,11,181,3,2711,686,1,0
Yonder Alonso,Padres,0.282,5,50,31,2,5,0.361,0.381,0.742,48,76,18,1,354,42,13,3,100,3,1464,402,3,0
Brian McCann,Yankees,0.232,26,68,94,0,0,0.32,0.437,0.756,97,66,15,1,465,52,7,3,108,11,2094,535,7,0
Evan Longoria,Rays,0.27,21,74,73,3,1,0.328,0.435,0.764,132,106,35,1,604,51,11,8,163,6,2536,670,9,0
Alejandro De Aza,- - -,0.262,7,51,35,7,5,0.333,0.422,0.755,84,54,17,7,325,31,6,3,85,5,1463,365,2,2
Melvin Upton,Padres,0.259,5,23,17,9,3,0.327,0.429,0.757,62,32,12,4,205,21,1,2,53,0,877,228,0,2
Nori Aoki,Giants,0.287,5,42,26,14,5,0.353,0.38,0.733,25,82,12,3,355,30,8,0,102,6,1452,392,0,1
Howie Kendrick,Dodgers,0.295,9,64,54,6,2,0.336,0.409,0.746,82,104,22,2,464,27,17,1,137,2,1864,495,1,1
Matt Kemp,Padres,0.265,23,80,100,12,2,0.312,0.443,0.755,147,101,31,3,596,39,17,0,158,5,2534,648,8,0
Joey Butler,Rays,0.276,8,30,30,5,2,0.326,0.416,0.742,82,51,12,0,257,16,16,0,71,3,1057,276,0,0
Ender Inciarte,Diamondbacks,0.303,6,73,45,21,10,0.338,0.408,0.747,58,121,27,5,524,26,8,0,159,4,1936,561,5,2
Neil Walker,Pirates,0.269,16,69,71,4,1,0.328,0.427,0.756,110,95,32,3,543,44,9,5,146,8,2336,603,8,0
David Freese,Angels,0.257,14,53,56,1,1,0.323,0.42,0.743,107,68,27,0,424,31,12,0,109,12,1842,470,3,0
Luis Valbuena,Astros,0.224,25,62,56,1,0,0.31,0.438,0.748,106,54,18,0,434,50,13,1,97,6,2056,493,3,0
Daniel Murphy,Mets,0.281,14,56,73,2,2,0.322,0.449,0.77,38,86,38,2,499,31,15,10,140,2,1891,538,6,0
Yangervis Solarte,Padres,0.27,14,63,63,1,0,0.32,0.428,0.748,56,91,33,4,526,34,15,0,142,6,2022,571,3,2
Nolan Reimold,Orioles,0.247,6,24,20,0,0,0.344,0.394,0.738,47,30,5,1,170,23,2,2,42,2,800,195,0,0
Doug Bernier,Twins,0.2,0,1,2,0,0,0.333,0.4,0.733,3,0,1,0,5,1,0,0,1,0,28,6,0,0
Jarrod Saltalamacchia,- - -,0.225,9,26,24,0,0,0.31,0.435,0.745,69,21,15,0,200,23,5,0,45,2,920,227,1,1
Kelly Johnson,- - -,0.265,14,38,47,2,1,0.314,0.435,0.75,81,57,11,0,310,23,8,2,82,0,1296,335,1,0
Josh Phegley,Athletics,0.249,9,27,34,0,0,0.3,0.449,0.749,51,30,16,1,225,14,5,0,56,3,870,243,1,0
Brian Dozier,Twins,0.236,28,101,77,12,4,0.307,0.444,0.751,148,77,39,4,628,61,10,2,148,7,2833,704,8,0
Eduardo Escobar,Twins,0.262,12,48,58,2,3,0.309,0.445,0.754,86,60,31,4,409,28,7,1,107,2,1762,446,5,2
Jhonny Peralta,Cardinals,0.275,17,64,71,1,4,0.334,0.411,0.745,111,115,26,1,579,50,23,6,159,5,2444,640,6,0
Mark Canha,Athletics,0.254,16,61,70,7,2,0.315,0.426,0.742,96,71,22,3,441,33,9,0,112,8,1892,485,3,0
Michael McKenry,Rockies,0.205,4,20,17,2,2,0.329,0.402,0.731,41,12,7,3,127,22,2,0,26,2,625,152,1,0
Brock Holt,Red Sox,0.28,2,56,45,8,1,0.349,0.379,0.727,97,92,27,6,454,46,7,0,127,3,2085,509,2,4
Matt Wieters,Orioles,0.267,8,24,25,0,0,0.319,0.422,0.742,67,46,14,1,258,21,4,0,69,0,1171,282,3,0
Mike Napoli,- - -,0.224,18,46,50,3,3,0.324,0.41,0.734,118,52,20,1,407,57,11,3,91,4,2038,469,1,0
Trevor Plouffe,Twins,0.244,22,74,86,2,1,0.307,0.435,0.742,124,79,35,4,573,50,28,0,140,4,2403,632,4,1
Welington Castillo,- - -,0.237,19,42,57,0,0,0.296,0.453,0.75,92,46,15,1,342,25,12,1,81,6,1436,378,5,0
Rajai Davis,Tigers,0.258,8,55,30,18,8,0.306,0.44,0.746,76,53,16,11,341,22,5,0,88,3,1382,370,3,1
Bryan Holaday,Tigers,0.281,2,3,13,0,0,0.292,0.453,0.745,13,11,5,0,64,1,0,0,18,0,253,65,0,0
Jaff Decker,Pirates,0.214,0,8,1,0,0,0.371,0.321,0.693,9,4,1,1,28,7,0,0,6,0,154,36,0,1
Juan Uribe,- - -,0.253,14,40,43,2,0,0.32,0.417,0.737,80,60,17,0,360,34,12,3,91,2,1529,397,1,0
Chris Carter,Astros,0.199,24,50,64,1,2,0.307,0.427,0.734,151,37,17,0,391,57,5,1,78,6,1963,460,5,0
Brad Miller,Mariners,0.258,11,44,46,13,4,0.329,0.402,0.73,101,76,22,4,438,47,7,0,113,2,1788,497,6,4
Cory Spangenberg,Padres,0.271,4,38,21,9,4,0.333,0.399,0.733,75,56,17,5,303,28,4,1,82,2,1290,345,3,8
Jesus Aguilar,Indians,0.316,0,0,2,0,0,0.35,0.368,0.718,7,5,1,0,19,0,0,0,6,1,80,20,0,0
Asdrubal Cabrera,Rays,0.265,15,66,58,6,3,0.315,0.43,0.744,107,86,28,5,505,36,14,4,134,3,2067,551,6,1
JR Murphy,Yankees,0.277,3,21,14,0,0,0.327,0.406,0.734,43,30,9,1,155,12,4,0,43,1,663,172,3,1
David Murphy,- - -,0.283,10,38,50,0,2,0.318,0.421,0.739,49,73,18,1,361,20,6,1,102,1,1480,391,5,1
Madison Bumgarner,Giants,0.247,5,9,9,0,0,0.275,0.468,0.743,27,12,2,0,77,3,1,0,19,0,312,81,0,1
Tyler Collins,Tigers,0.266,4,18,25,2,1,0.316,0.417,0.732,43,33,11,3,192,13,2,0,51,1,752,207,0,1
Eric Fryer,Twins,0.227,0,2,2,0,0,0.37,0.318,0.689,11,3,2,0,22,5,0,0,5,0,119,27,0,0
Preston Tucker,Astros,0.243,13,35,33,0,2,0.297,0.437,0.734,68,41,19,0,300,20,3,0,73,3,1278,323,0,0
C.J. Cron,Angels,0.262,16,37,51,3,1,0.3,0.439,0.739,82,65,17,1,378,17,9,1,99,5,1534,404,3,0
Martin Prado,Marlins,0.288,9,52,63,1,0,0.338,0.394,0.732,68,111,22,2,500,37,9,4,144,5,2157,551,8,1
Greg Garcia,Cardinals,0.24,2,7,4,0,0,0.337,0.387,0.724,12,11,5,0,75,10,2,1,18,1,302,87,0,1
Billy Burns,Athletics,0.294,5,70,42,26,8,0.334,0.392,0.726,81,121,18,9,520,26,5,1,153,6,1943,555,2,1
Kole Calhoun,Angels,0.256,26,78,83,4,1,0.308,0.422,0.731,164,110,23,2,630,45,6,1,161,5,2557,686,4,2
Delino Deshields,Rangers,0.261,2,83,37,25,8,0.344,0.374,0.718,101,77,22,10,425,53,1,1,111,3,1923,492,4,7
Evan Gattis,Astros,0.246,27,66,88,0,1,0.285,0.463,0.748,119,81,20,11,566,30,13,3,139,3,2102,604,5,0
Marlon Byrd,- - -,0.247,23,58,73,2,1,0.29,0.453,0.743,145,72,25,5,506,29,10,2,125,4,1979,544,5,0
Tommy La Stella,Cubs,0.269,1,4,11,2,0,0.324,0.403,0.727,7,11,6,0,67,5,1,0,18,1,322,75,1,0
Steven Souza,Rays,0.225,16,59,40,12,6,0.318,0.399,0.717,144,52,15,1,373,46,7,0,84,5,1717,426,1,1
Steve Clevenger,Orioles,0.287,2,11,15,0,0,0.314,0.426,0.74,13,21,4,2,101,4,3,1,29,0,361,105,0,0
Matt Hague,Blue Jays,0.25,0,1,0,0,0,0.4,0.333,0.733,4,2,1,0,12,2,0,1,3,1,62,15,0,0
Eddie Rosario,Twins,0.267,13,60,50,11,6,0.289,0.459,0.748,118,75,18,15,453,15,5,3,121,0,1692,474,3,3
Ben Revere,- - -,0.306,2,84,45,31,7,0.342,0.377,0.719,64,150,22,7,592,32,5,0,181,2,2252,634,3,5
Carlos Gomez,- - -,0.255,12,61,56,17,9,0.314,0.409,0.724,101,69,29,1,435,31,5,1,111,7,1744,477,1,3
Brandon Phillips,Reds,0.294,12,69,70,23,3,0.328,0.395,0.723,68,140,19,2,588,27,13,1,173,4,2168,623,3,1
Jose Iglesias,Tigers,0.3,2,44,23,11,8,0.347,0.37,0.717,44,103,17,3,416,25,10,2,125,6,1690,454,3,4
Javier Baez,Cubs,0.289,1,4,4,1,2,0.325,0.408,0.733,24,15,6,0,76,4,0,1,22,0,311,80,0,0
Anthony Rendon,Nationals,0.264,5,43,25,1,2,0.344,0.363,0.707,70,61,16,0,311,36,8,0,82,4,1556,355,4,0
Jimmy Paredes,Orioles,0.275,10,46,42,4,4,0.31,0.416,0.726,111,71,17,2,363,19,8,0,100,0,1408,384,2,0
Josh Hamilton,Rangers,0.253,8,22,25,0,0,0.291,0.441,0.732,52,27,8,0,170,10,1,0,43,0,674,182,2,0
Aaron Hicks,Twins,0.256,11,48,33,13,3,0.323,0.398,0.721,66,65,11,3,352,34,6,2,90,2,1510,390,2,0
Cole Figueroa,Yankees,0.25,0,2,0,0,0,0.25,0.5,0.75,0,0,2,0,8,0,0,0,2,0,25,8,0,0
Michael Blazek,Brewers,0.25,0,0,1,0,0,0.25,0.5,0.75,2,0,1,0,4,0,0,0,1,0,14,4,0,0
Pedro Severino,Nationals,0.25,0,1,0,0,0,0.25,0.5,0.75,1,0,1,0,4,0,0,0,1,0,19,4,0,0
Carlos Peguero,- - -,0.187,4,11,9,2,0,0.311,0.4,0.711,37,6,4,0,75,13,1,0,14,1,371,90,1,0
Josh Harrison,Pirates,0.287,4,57,28,10,8,0.327,0.39,0.717,71,86,29,1,418,19,4,1,120,7,1567,449,2,3
Jonathan Lucroy,Brewers,0.264,7,51,43,1,0,0.326,0.391,0.717,64,68,20,3,371,36,18,0,98,1,1671,415,6,1
Jorge Soler,Cubs,0.262,10,39,47,3,1,0.324,0.399,0.723,121,67,18,1,366,32,9,5,96,3,1621,404,3,0
Jake Lamb,Diamondbacks,0.263,6,38,34,3,2,0.331,0.386,0.716,97,66,15,5,350,36,5,3,92,1,1548,390,3,0
Abraham Almonte,- - -,0.25,5,36,24,7,1,0.31,0.409,0.719,52,36,12,5,232,21,5,0,58,0,981,258,2,3
Blake Swihart,Red Sox,0.274,5,47,31,4,2,0.319,0.392,0.712,77,56,17,1,288,18,8,0,79,1,1210,309,0,2
Mark Reynolds,Cardinals,0.23,13,35,48,2,3,0.315,0.398,0.713,121,52,21,2,382,44,10,2,88,4,1790,432,2,0
Billy Butler,Athletics,0.251,15,63,65,0,0,0.323,0.39,0.713,101,91,28,1,538,52,26,4,135,7,2248,601,4,0
Christian Colon,Royals,0.29,0,8,6,3,2,0.356,0.336,0.692,17,26,5,0,107,11,2,0,31,0,474,119,0,1
Hector Olivera,Braves,0.253,2,4,11,0,0,0.31,0.405,0.715,12,13,4,1,79,5,2,0,20,2,290,87,1,0
Marcus Semien,Athletics,0.257,15,65,45,11,5,0.31,0.405,0.715,132,98,23,7,556,42,16,1,143,1,2370,601,1,1
Nick Castellanos,Tigers,0.255,15,42,73,0,3,0.303,0.419,0.721,152,86,33,6,549,39,21,1,140,1,2317,595,6,0
Geovany Soto,White Sox,0.219,9,20,21,0,1,0.301,0.406,0.708,63,24,8,0,187,21,2,0,41,1,875,210,0,1
Joe Mauer,Twins,0.265,10,69,66,2,1,0.338,0.38,0.718,112,111,34,2,592,67,22,12,157,1,2715,666,5,1
Darin Ruf,Phillies,0.235,12,30,39,1,0,0.3,0.414,0.714,69,39,12,0,268,21,7,0,63,5,1144,297,3,0
Kevin Pillar,Blue Jays,0.278,12,76,56,25,4,0.314,0.399,0.713,85,118,31,2,586,28,9,1,163,5,2262,628,5,4
Reynaldo Navarro,Orioles,0.276,1,5,3,0,0,0.276,0.448,0.724,3,5,2,0,29,0,0,0,8,0,93,30,0,1
Danny Espinosa,Nationals,0.24,13,59,37,5,2,0.311,0.409,0.719,106,53,21,1,367,33,6,5,88,6,1515,412,3,3
Kolten Wong,Cardinals,0.262,11,71,61,15,8,0.321,0.386,0.707,95,103,28,4,557,36,10,2,146,15,2282,613,5,0
Kevin Kiermaier,Rays,0.263,10,62,40,18,5,0.298,0.42,0.718,95,86,25,12,505,24,7,0,133,2,1954,535,2,2
Richie Shaffer,Rays,0.189,4,11,6,0,0,0.307,0.392,0.699,32,7,3,0,74,10,2,0,14,3,364,88,1,0
Jay Bruce,Reds,0.226,26,72,87,9,5,0.294,0.434,0.729,145,66,35,4,580,58,10,8,131,2,2543,649,9,0
Derek Norris,Padres,0.25,14,65,62,4,1,0.305,0.404,0.709,131,80,33,2,515,35,5,1,129,6,2225,557,1,0
Aramis Ramirez,- - -,0.246,17,43,75,1,0,0.297,0.423,0.72,68,68,31,1,475,31,23,3,117,5,1815,516,5,0
Jeff Francoeur,Phillies,0.258,13,34,45,0,2,0.286,0.433,0.718,77,54,16,1,326,13,10,0,84,1,1183,343,3,0
Steve Pearce,Orioles,0.218,15,42,40,1,1,0.289,0.422,0.711,69,35,13,1,294,23,11,1,64,7,1217,325,1,0
Brandon Moss,- - -,0.226,19,47,58,0,1,0.304,0.407,0.711,148,61,24,2,469,49,12,4,106,5,2056,526,3,0
Hanley Ramirez,Red Sox,0.249,19,59,53,6,3,0.291,0.426,0.717,71,68,12,1,401,21,11,2,100,4,1588,430,4,0
Ryan Howard,Phillies,0.229,23,53,77,0,0,0.277,0.443,0.72,138,54,29,1,467,27,11,2,107,5,1897,503,3,0
Brian Bogusevic,Phillies,0.259,2,9,5,2,0,0.295,0.414,0.709,21,10,3,0,58,3,1,0,15,0,246,61,0,0
Cameron Maybin,Braves,0.267,10,65,59,23,6,0.327,0.37,0.697,102,105,18,2,505,45,16,1,135,1,2174,555,3,1
Yasmany Tomas,Diamondbacks,0.273,9,40,48,5,2,0.305,0.401,0.707,110,80,19,3,406,17,16,0,111,2,1472,426,1,0
Melky Cabrera,White Sox,0.273,12,70,77,3,0,0.314,0.394,0.709,88,122,36,2,629,40,18,2,172,2,2572,683,10,2
Chase Headley,Yankees,0.259,11,74,62,0,2,0.324,0.369,0.693,135,109,29,1,580,51,17,0,150,7,2561,642,4,0
Michael Cuddyer,Mets,0.259,10,44,41,2,0,0.309,0.391,0.699,88,69,18,1,379,24,13,0,98,4,1525,408,1,0
J.B. Shuck,White Sox,0.266,0,15,15,7,5,0.34,0.35,0.689,16,28,8,2,143,16,2,0,38,1,622,165,2,3
Cesar Hernandez,Phillies,0.272,1,57,35,19,5,0.339,0.348,0.687,86,85,20,4,405,40,6,1,110,2,1628,452,1,4
Brett Lawrie,Athletics,0.26,16,64,60,5,2,0.299,0.407,0.706,144,98,29,3,562,28,8,1,146,5,2297,602,4,3
Jed Lowrie,Astros,0.222,9,35,30,1,0,0.312,0.4,0.712,43,28,14,0,230,28,3,5,51,3,1086,263,2,0
Scott Van Slyke,Dodgers,0.239,6,19,30,3,1,0.317,0.383,0.7,62,33,14,0,222,23,5,2,53,4,950,253,3,1
Brent Morel,Pirates,0.286,0,1,1,0,0,0.286,0.429,0.714,3,1,1,0,7,0,0,0,2,0,35,7,0,0
Carl Crawford,Dodgers,0.265,4,19,16,10,2,0.304,0.403,0.707,41,33,9,2,181,10,3,1,48,0,708,193,0,0
Dustin Ackley,- - -,0.231,10,28,30,2,2,0.284,0.429,0.712,45,31,11,3,238,18,3,0,55,1,1073,264,4,3
Joey Gallo,Rangers,0.204,6,16,14,3,0,0.301,0.417,0.717,57,12,3,1,108,15,0,3,22,0,504,123,0,0
Austin Jackson,- - -,0.267,9,56,48,17,10,0.311,0.385,0.696,126,94,25,3,491,29,5,0,131,3,2201,527,1,3
Ezequiel Carrera,Blue Jays,0.273,3,27,26,2,1,0.321,0.372,0.693,45,36,8,0,172,11,1,0,47,2,728,192,2,5
Gregory Polanco,Pirates,0.256,9,83,52,27,10,0.32,0.381,0.701,121,102,35,6,593,55,4,6,152,1,2528,652,2,1
Torii Hunter,Twins,0.24,22,67,81,2,5,0.293,0.409,0.702,105,81,22,0,521,35,14,1,125,6,2087,567,5,0
Anthony Gose,Tigers,0.254,5,73,26,23,11,0.321,0.367,0.688,145,86,24,8,485,45,11,0,123,3,2131,535,0,2
Addison Russell,Cubs,0.242,13,60,54,4,3,0.307,0.389,0.696,149,72,29,1,475,42,8,2,115,3,2154,523,2,1
Wilmer Flores,Mets,0.263,16,55,59,0,1,0.295,0.408,0.703,63,89,22,0,483,19,12,2,127,4,1969,510,2,2
Jefry Marte,Tigers,0.213,4,9,11,0,0,0.284,0.413,0.697,22,9,4,0,80,8,2,0,17,0,335,90,0,2
Wilin Rosario,Rockies,0.268,6,22,29,2,1,0.295,0.416,0.71,56,41,14,1,231,8,8,2,62,1,859,242,1,1
Paulo Orlando,Royals,0.249,7,31,27,3,3,0.269,0.444,0.713,53,33,14,6,241,5,0,0,60,2,896,251,1,2
Johnny Giavotella,Angels,0.272,4,51,49,2,1,0.318,0.375,0.694,59,89,25,5,453,32,7,0,123,2,1756,502,6,9
Ruben Tejada,Mets,0.261,3,36,28,2,1,0.338,0.35,0.688,70,68,23,0,360,38,6,5,94,5,1549,407,2,2
Didi Gregorius,Yankees,0.265,9,57,56,5,3,0.318,0.37,0.688,85,104,24,2,525,33,4,0,139,11,2093,578,6,3
Miguel Rojas,Marlins,0.282,1,13,17,0,1,0.329,0.366,0.695,16,31,7,1,142,11,4,1,40,0,561,157,2,2
Chris Denorfia,Cubs,0.269,3,18,18,0,1,0.319,0.373,0.691,56,42,11,1,212,15,7,1,57,1,925,231,1,2
Jarrod Dyson,Royals,0.25,2,31,18,26,3,0.311,0.38,0.691,37,34,8,6,200,14,3,0,50,4,838,225,1,6
Grady Sizemore,- - -,0.253,6,24,33,3,3,0.307,0.381,0.688,60,46,17,0,273,20,3,0,69,2,1063,296,1,0
Austin Barnes,Dodgers,0.207,0,4,1,1,0,0.361,0.276,0.637,6,4,2,0,29,6,2,0,6,1,160,37,0,1
Marcell Ozuna,Marlins,0.259,10,47,44,2,3,0.308,0.383,0.691,110,82,27,0,459,30,10,1,119,3,1832,494,2,0
Tim Cooney,Cardinals,0.3,0,1,0,0,0,0.3,0.4,0.7,0,2,1,0,10,0,0,0,3,0,48,11,0,1
Henry Urrutia,Orioles,0.265,1,3,6,0,0,0.306,0.382,0.688,3,7,1,0,34,2,1,0,9,0,121,36,0,0
Caleb Joseph,Orioles,0.234,11,38,49,0,0,0.299,0.394,0.693,72,47,16,1,320,27,7,2,75,3,1364,355,1,3
Jedd Gyorko,Padres,0.247,16,34,57,0,1,0.297,0.397,0.694,107,73,15,0,421,27,13,1,104,5,1813,458,5,0
Ivan De Jesus,Reds,0.244,4,15,28,0,2,0.311,0.373,0.684,55,33,10,2,201,19,3,0,49,1,959,222,1,0
Ryan Hanigan,Red Sox,0.247,2,28,16,0,0,0.337,0.328,0.664,39,33,8,0,174,20,6,0,43,4,847,201,1,1
Jose Reyes,- - -,0.274,7,57,53,24,6,0.31,0.378,0.688,62,98,25,2,481,26,6,0,132,0,1804,519,3,9
Salvador Perez,Royals,0.26,21,52,70,1,0,0.28,0.426,0.706,82,92,25,0,531,13,23,4,138,4,1840,553,5,0
Jayson Werth,Nationals,0.221,12,51,42,0,1,0.302,0.384,0.685,84,44,16,1,331,38,8,0,73,3,1571,378,6,0
Tim Beckham,Rays,0.222,9,24,37,3,1,0.274,0.429,0.702,69,25,7,4,203,13,3,0,45,3,899,223,4,0
Jordan Pacheco,Diamondbacks,0.242,2,8,8,1,0,0.333,0.333,0.667,14,14,0,0,66,9,6,0,16,1,286,78,2,0
Shane Peterson,Brewers,0.259,2,22,16,0,1,0.324,0.353,0.678,55,40,7,3,201,20,3,1,52,0,899,226,1,3
Dilson Herrera,Mets,0.211,3,7,6,2,0,0.311,0.367,0.677,23,12,3,1,90,11,2,1,19,2,418,103,0,0
Chris Heisey,Dodgers,0.182,2,8,9,0,1,0.347,0.327,0.674,17,6,2,0,55,15,1,2,10,0,300,72,2,0
J.T. Realmuto,Marlins,0.259,10,49,47,8,4,0.29,0.406,0.696,70,76,21,7,441,19,11,2,114,2,1723,467,4,1
Cody Asche,Phillies,0.245,12,41,39,1,2,0.294,0.395,0.689,111,67,22,3,425,26,4,3,104,4,1722,456,1,0
Logan Morrison,Mariners,0.225,17,47,54,8,4,0.302,0.383,0.685,81,68,15,3,457,47,7,5,103,4,1940,511,2,1
Adeiny Hechavarria,Marlins,0.281,5,54,48,7,2,0.315,0.374,0.689,78,104,17,6,470,23,18,4,132,2,1676,499,4,0
Stefen Romero,Mariners,0.19,1,6,3,0,0,0.292,0.381,0.673,6,2,1,0,21,3,0,0,4,0,113,24,0,0
James McCann,Tigers,0.264,7,32,41,0,1,0.297,0.387,0.683,90,76,18,5,401,16,17,0,106,3,1501,425,1,4
Ryan Goins,Blue Jays,0.25,5,52,45,2,1,0.318,0.354,0.672,83,69,16,4,376,39,12,0,94,1,1614,428,5,7
Alex Guerrero,Dodgers,0.233,11,25,36,1,0,0.261,0.434,0.695,57,30,9,1,219,7,7,0,51,2,802,230,2,0
Dioner Navarro,Blue Jays,0.246,5,17,20,0,0,0.307,0.374,0.682,29,30,7,0,171,17,0,1,42,0,746,192,4,0
Elian Herrera,Brewers,0.242,7,29,33,3,1,0.29,0.395,0.684,72,37,18,0,256,18,4,1,62,0,1110,277,2,1
Will Venable,- - -,0.244,6,40,33,16,1,0.32,0.35,0.669,94,63,13,3,349,37,8,3,85,2,1540,390,0,2
Avisail Garcia,White Sox,0.257,13,66,59,7,7,0.309,0.365,0.675,141,110,17,2,553,36,13,3,142,8,2142,601,4,0
Chris Parmelee,Orioles,0.216,4,11,9,0,1,0.255,0.433,0.688,26,9,7,1,97,4,1,0,21,1,417,102,0,0
Brayan Pena,Reds,0.273,0,17,18,2,0,0.334,0.324,0.659,34,74,17,0,333,29,10,1,91,2,1343,367,1,2
James Loney,Rays,0.28,4,25,32,2,4,0.322,0.357,0.68,34,81,16,0,361,23,10,5,101,1,1306,388,3,0
Ian Desmond,Nationals,0.233,19,69,62,13,5,0.29,0.384,0.674,187,88,27,2,583,45,9,0,136,3,2365,641,4,6
Jacoby Ellsbury,Yankees,0.257,7,66,33,21,9,0.318,0.345,0.663,86,92,15,2,452,35,6,1,116,7,1881,501,3,1
Desmond Jennings,Rays,0.268,1,9,7,5,3,0.324,0.34,0.664,17,22,2,1,97,8,2,0,26,1,418,108,2,0
Jonny Gomes,- - -,0.213,7,29,26,1,1,0.313,0.347,0.66,81,32,9,0,225,31,6,1,48,3,1064,262,3,0
Andrew Susac,Giants,0.218,3,14,14,0,0,0.297,0.368,0.666,43,17,7,2,133,14,2,0,29,1,583,148,0,0
Alex Avila,Tigers,0.191,4,21,13,0,1,0.339,0.287,0.626,66,25,5,0,178,40,4,0,34,0,980,219,0,1
Jerry Sands,Indians,0.236,4,11,19,0,0,0.286,0.39,0.676,36,19,5,1,123,9,0,0,29,0,535,133,1,0
Marco Estrada,Blue Jays,0.333,0,0,0,0,0,0.333,0.333,0.667,2,2,0,0,6,0,0,0,2,0,20,6,0,0
Adam Loewen,Phillies,0.333,0,0,0,0,0,0.333,0.333,0.667,0,1,0,0,3,0,1,0,1,0,9,3,0,0
Jemile Weeks,Red Sox,0.333,0,1,1,0,0,0.333,0.333,0.667,2,3,0,0,9,0,0,0,3,0,44,9,0,0
C.J. Wilson,Angels,0.333,0,0,0,0,0,0.333,0.333,0.667,1,2,0,0,6,0,0,0,2,0,18,6,0,0
Justin De Fratus,Phillies,0.333,0,0,0,0,0,0.333,0.333,0.667,1,1,0,0,3,0,0,0,1,0,9,3,0,0
Jesse Chavez,Athletics,0.333,0,0,0,0,0,0.333,0.333,0.667,2,1,0,0,3,0,0,0,1,0,16,5,0,2
Taylor Jordan,Nationals,0.333,0,0,0,0,0,0.333,0.333,0.667,2,2,0,0,6,0,0,0,2,0,29,6,0,0
Sean Gilmartin,Mets,0.333,0,1,0,0,0,0.333,0.333,0.667,3,2,0,0,6,0,0,0,2,0,26,6,0,0
Dariel Alvarez,Orioles,0.241,1,3,1,0,0,0.29,0.379,0.67,8,5,1,0,29,2,0,0,7,0,98,31,0,0
Oswaldo Arcia,Twins,0.276,2,6,8,0,0,0.338,0.379,0.718,15,14,0,0,58,4,2,4,16,2,224,65,1,0
Travis Snider,- - -,0.232,4,24,28,1,0,0.313,0.35,0.663,66,37,12,2,237,26,3,2,55,2,1082,265,0,0
Dalton Pompey,Blue Jays,0.223,2,17,6,5,1,0.291,0.372,0.664,23,11,8,0,94,7,1,0,21,2,376,103,0,0
Jeff Baker,Marlins,0.208,3,11,8,0,0,0.288,0.375,0.663,25,9,3,0,72,8,0,0,15,0,315,80,0,0
Elvis Andrus,Rangers,0.258,7,69,62,25,9,0.309,0.357,0.667,78,111,34,2,596,46,14,1,154,2,2445,661,9,8
Josh Rutledge,Red Sox,0.284,1,11,10,0,0,0.333,0.338,0.671,26,19,1,0,74,5,0,1,21,2,351,85,3,1
Michael Morse,- - -,0.231,5,14,19,0,0,0.313,0.336,0.649,76,40,7,1,229,23,10,0,53,4,1031,256,0,0
Cameron Rupp,Phillies,0.233,9,24,28,0,1,0.301,0.374,0.675,71,44,9,1,270,24,8,5,63,3,1138,299,2,0
Chris Stewart,Pirates,0.289,0,9,15,0,0,0.32,0.34,0.659,29,38,8,0,159,6,3,0,46,2,618,172,2,3
Andrelton Simmons,Braves,0.265,4,60,44,5,3,0.321,0.338,0.66,48,113,23,2,535,39,19,6,142,6,1906,583,2,1
Drew Stubbs,- - -,0.195,5,20,10,5,1,0.283,0.382,0.665,60,13,4,2,123,14,1,1,24,1,596,140,0,2
Scooter Gennett,Brewers,0.264,6,42,29,1,3,0.294,0.381,0.675,68,71,18,4,375,12,11,5,99,4,1368,391,0,0
Jon Singleton,Astros,0.191,1,6,6,1,0,0.328,0.298,0.625,17,6,2,0,47,10,0,0,9,0,251,58,1,0
Starlin Castro,Cubs,0.265,11,52,69,5,5,0.296,0.375,0.671,91,109,23,2,547,21,18,6,145,5,2136,578,4,1
Jake Marisnick,Astros,0.236,9,46,36,24,9,0.281,0.383,0.665,105,52,15,4,339,18,2,0,80,5,1449,372,4,6
Ike Davis,Athletics,0.229,3,19,20,0,0,0.301,0.35,0.652,44,29,17,0,214,23,5,0,49,0,933,239,2,0
Tyler Flowers,White Sox,0.239,9,21,39,0,1,0.295,0.356,0.652,104,58,12,0,331,21,8,0,79,6,1411,361,1,2
Lonnie Chisenhall,Indians,0.246,7,38,44,4,1,0.294,0.372,0.667,69,55,19,1,333,23,0,3,82,1,1315,362,3,2
Pablo Sandoval,Red Sox,0.245,10,43,47,0,0,0.292,0.366,0.658,73,79,25,1,470,25,14,1,115,7,1848,505,2,1
Juan Perez,Giants,0.282,0,5,2,1,0,0.3,0.359,0.659,6,8,3,0,39,1,1,0,11,0,140,40,0,0
Jose Tabata,Pirates,0.289,0,2,4,0,1,0.341,0.289,0.631,7,11,0,0,38,2,3,0,11,1,137,41,0,0
Brandon Barnes,Rockies,0.251,2,30,17,4,2,0.314,0.341,0.655,67,47,13,2,255,21,6,3,64,3,1052,281,1,1
Yadier Molina,Cardinals,0.27,4,34,61,3,1,0.31,0.35,0.66,59,103,23,2,488,32,16,3,132,0,1812,530,9,1
Jace Peterson,Braves,0.239,6,55,52,12,10,0.314,0.335,0.649,120,92,23,5,528,56,5,4,126,3,2370,597,3,7
Brett Hayes,Indians,0.156,3,4,6,0,0,0.229,0.438,0.666,7,2,0,0,32,3,0,0,5,0,138,36,0,1
Victor Martinez,Tigers,0.245,11,39,64,0,0,0.301,0.366,0.667,52,77,20,0,440,31,18,8,108,7,1909,485,7,0
Max Muncy,Athletics,0.206,3,14,9,0,0,0.268,0.392,0.66,31,9,8,1,102,9,0,0,21,0,489,112,1,0
Nick Swisher,- - -,0.196,6,14,25,0,0,0.312,0.32,0.631,54,28,9,0,219,35,9,1,43,3,1052,260,3,0
Darnell Sweeney,Phillies,0.176,3,9,11,0,2,0.286,0.353,0.639,27,7,4,1,85,13,1,0,15,0,383,98,0,0
Carlos Perez,Angels,0.25,4,20,21,2,0,0.299,0.346,0.645,49,48,13,0,260,19,7,0,65,0,1076,283,2,2
Eury Perez,Braves,0.269,0,10,5,3,1,0.331,0.303,0.633,23,28,4,0,119,7,3,1,32,4,494,133,0,3
Adam Rosales,Rangers,0.228,3,14,7,4,4,0.296,0.342,0.638,30,19,4,0,114,10,4,0,26,1,508,125,0,0
Jake Smolinski,- - -,0.193,6,24,26,1,1,0.281,0.367,0.649,39,17,7,2,166,19,3,0,32,3,756,192,4,0
Cheslor Cuthbert,Royals,0.217,1,6,8,0,0,0.28,0.37,0.65,9,6,2,1,46,4,0,0,10,0,177,50,0,0
Tucker Barnhart,Reds,0.252,3,23,18,0,1,0.324,0.326,0.65,45,49,9,0,242,25,10,5,61,2,958,274,3,2
Jesus Montero,Mariners,0.223,5,11,19,0,0,0.25,0.411,0.661,32,14,6,0,112,4,2,0,25,0,384,116,0,0
Stephen Drew,Yankees,0.201,17,43,44,0,2,0.271,0.381,0.652,71,43,16,1,383,37,7,1,77,1,1661,428,3,4
Jason Castro,Astros,0.211,11,38,31,0,0,0.283,0.365,0.648,115,41,19,0,337,33,5,1,71,2,1476,375,3,0
Matt Adams,Cardinals,0.24,5,14,24,1,0,0.28,0.377,0.657,41,28,9,0,175,10,1,1,42,0,693,186,1,0
Freddy Galvis,Phillies,0.263,7,63,50,10,1,0.302,0.343,0.645,103,121,14,5,559,30,11,1,147,3,2288,603,4,7
Adam LaRoche,White Sox,0.207,12,41,44,0,0,0.293,0.34,0.634,133,56,21,0,429,49,10,0,89,4,1907,484,2,0
Rusney Castillo,Red Sox,0.253,5,35,29,4,5,0.288,0.359,0.647,54,52,10,2,273,13,11,0,69,1,1040,289,1,1
Kirk Nieuwenhuis,- - -,0.195,4,21,14,2,2,0.27,0.375,0.645,49,10,11,0,128,10,2,0,25,3,587,141,0,0
Jimmy Rollins,Dodgers,0.224,13,71,41,12,8,0.285,0.358,0.643,86,76,24,3,517,44,12,0,116,0,2128,563,1,1
Yan Gomes,Indians,0.231,12,38,45,0,0,0.267,0.391,0.659,104,50,22,0,363,13,11,1,84,7,1471,389,6,0
Colin Rea,Padres,0.222,0,2,0,0,0,0.3,0.333,0.633,4,1,1,0,9,1,0,0,2,0,45,12,0,2
Skip Schumaker,Reds,0.242,1,23,21,2,2,0.306,0.336,0.642,51,38,20,0,244,23,7,2,59,0,1055,268,1,0
Sean Rodriguez,Pirates,0.246,4,25,17,2,2,0.281,0.362,0.642,63,38,12,1,224,5,9,0,55,6,847,240,0,5
Aaron Hill,Diamondbacks,0.23,6,32,39,7,2,0.295,0.345,0.64,54,48,18,0,313,31,9,0,72,1,1291,353,8,0
Mike Baxter,Cubs,0.246,0,6,2,0,0,0.348,0.263,0.612,14,13,1,0,57,7,3,1,14,2,248,66,0,0
Chris Iannetta,Angels,0.188,10,28,34,0,1,0.293,0.335,0.628,83,31,10,0,272,41,11,1,51,1,1313,317,3,0
Juan Lagares,Mets,0.259,6,47,41,7,3,0.289,0.358,0.647,87,87,16,5,441,16,6,2,114,4,1811,465,3,1
Erick Aybar,Angels,0.27,3,74,44,15,6,0.301,0.338,0.639,73,127,30,1,597,25,12,1,161,4,2155,638,5,7
Angel Pagan,Giants,0.262,3,55,37,12,4,0.303,0.332,0.635,93,107,21,3,512,32,12,0,134,1,2106,551,6,0
Jose Ramirez,Indians,0.219,6,50,27,10,4,0.291,0.34,0.631,39,46,14,3,315,32,5,0,69,1,1416,355,2,5
Domonic Brown,Phillies,0.228,5,19,25,3,1,0.284,0.349,0.634,36,31,6,1,189,14,2,0,43,1,773,204,0,0
Alex Rios,Royals,0.255,4,40,32,9,0,0.287,0.353,0.64,67,70,22,2,385,15,10,0,98,5,1533,411,6,0
Alexei Ramirez,White Sox,0.249,10,54,62,17,7,0.285,0.357,0.642,68,102,33,0,583,31,18,2,145,1,2185,622,6,1
Ryan Flaherty,Orioles,0.202,9,34,31,0,0,0.281,0.356,0.637,81,34,8,3,267,26,8,2,54,4,1149,301,2,2
Steven Matz,Mets,0.286,0,1,5,0,0,0.286,0.357,0.643,1,3,1,0,14,0,1,0,4,0,55,14,0,0
Tyson Ross,Padres,0.25,1,6,6,0,0,0.283,0.357,0.64,19,11,1,1,56,2,1,0,14,1,259,68,1,8
Trea Turner,Nationals,0.225,1,5,1,2,2,0.295,0.325,0.62,12,7,1,0,40,4,0,0,9,0,171,44,0,0
David DeJesus,- - -,0.233,5,27,30,3,2,0.297,0.33,0.626,52,51,9,2,288,21,5,1,67,6,1195,317,2,0
Jason Bourgeois,Reds,0.24,3,28,14,3,1,0.294,0.332,0.625,33,37,5,2,196,14,2,0,47,1,841,212,0,1
Eric Campbell,Mets,0.197,3,28,19,5,3,0.312,0.295,0.607,37,23,8,0,173,26,11,1,34,4,820,206,2,1
Travis Ishikawa,- - -,0.206,1,6,8,0,0,0.306,0.302,0.607,20,9,3,0,63,9,2,0,13,0,282,72,0,0
Andrew Romine,Tigers,0.255,2,25,15,10,5,0.307,0.315,0.622,46,40,5,0,184,11,4,1,47,3,756,203,1,4
Paul Janish,Orioles,0.286,0,4,3,0,0,0.278,0.371,0.649,3,7,3,0,35,0,0,0,10,0,124,36,1,0
Nick Ahmed,Diamondbacks,0.226,9,49,34,4,5,0.275,0.359,0.634,81,63,17,6,421,29,4,1,95,1,1645,459,3,5
Shane Robinson,Twins,0.25,0,28,16,6,1,0.299,0.322,0.621,29,35,7,3,180,12,4,0,45,1,730,197,1,3
Kennys Vargas,Twins,0.24,5,18,17,0,0,0.277,0.349,0.626,54,33,4,0,175,9,7,0,42,0,723,184,0,0
Josh Smith,Reds,0.222,0,1,0,0,0,0.222,0.444,0.667,4,1,0,1,9,0,0,0,2,0,28,10,0,1
Delmon Young,Orioles,0.27,2,20,16,0,0,0.289,0.339,0.628,29,39,6,0,174,4,8,0,47,1,605,180,1,0
Clint Barmes,Padres,0.232,3,24,16,0,1,0.281,0.353,0.633,55,30,14,1,207,10,0,2,48,4,851,224,0,3
Logan Schafer,Brewers,0.221,1,17,6,1,0,0.299,0.311,0.611,29,19,6,1,122,12,3,0,27,2,533,143,1,6
Munenori Kawasaki,Blue Jays,0.214,0,6,2,0,1,0.313,0.286,0.598,6,4,2,0,28,4,1,0,6,0,122,34,0,2
Michael Taylor,Nationals,0.229,14,49,63,16,3,0.282,0.358,0.64,158,77,15,2,472,35,5,9,108,1,1889,511,2,1
Chris Johnson,- - -,0.255,3,18,18,2,1,0.286,0.337,0.624,74,48,11,0,243,10,5,0,62,1,1018,255,1,0
Chase Utley,- - -,0.212,8,37,39,4,0,0.286,0.343,0.629,64,48,21,2,373,32,7,4,79,10,1621,423,8,0
Brandon Drury,Diamondbacks,0.214,2,3,8,0,0,0.254,0.375,0.629,8,7,3,0,56,2,5,0,12,1,215,59,0,0
Michael Martinez,Indians,0.267,0,7,2,0,1,0.29,0.333,0.624,12,6,2,0,30,1,1,0,8,0,134,32,0,1
Tyler Ladendorf,Athletics,0.235,0,3,2,0,0,0.278,0.353,0.631,2,3,0,1,17,1,0,0,4,0,64,18,0,0
Dan Uggla,Nationals,0.183,2,12,16,0,1,0.298,0.3,0.598,40,14,4,2,120,19,3,0,22,1,563,141,1,0
Peter Bourjos,Cardinals,0.2,4,32,13,5,8,0.29,0.333,0.623,59,24,8,3,195,19,2,4,39,6,822,225,1,4
Justin Maxwell,Giants,0.209,7,26,26,2,1,0.275,0.341,0.616,76,35,8,2,249,20,4,1,52,3,1030,274,1,1
Shane Victorino,- - -,0.23,1,19,7,7,0,0.308,0.292,0.601,32,34,4,2,178,16,4,1,41,5,774,204,2,3
Alcides Escobar,Royals,0.257,3,76,47,17,5,0.293,0.32,0.614,75,129,20,5,612,26,11,1,157,8,2311,662,5,11
Pedro Ciriaco,Braves,0.261,1,14,15,4,2,0.275,0.352,0.627,38,27,8,1,142,2,1,0,37,2,521,151,3,2
David Holmberg,Reds,0.125,0,2,0,0,0,0.364,0.125,0.489,5,1,0,0,8,2,0,0,1,1,48,12,0,1
Tommy Field,Rangers,0.195,2,6,5,1,0,0.25,0.366,0.616,16,5,1,0,41,2,0,0,8,1,196,45,0,1
Alberto Callaspo,- - -,0.235,1,20,15,0,0,0.315,0.278,0.594,34,46,7,0,230,28,6,1,54,0,1057,261,2,1
Giovanny Urshela,Indians,0.225,6,25,21,0,1,0.279,0.33,0.608,58,45,8,1,267,18,9,0,60,2,1077,288,0,1
Taylor Jungmann,Brewers,0.27,0,2,0,0,0,0.289,0.324,0.614,12,8,2,0,37,1,0,0,10,0,137,44,0,6
Conor Gillaspie,- - -,0.228,4,14,24,0,1,0.269,0.359,0.627,47,33,15,2,237,13,2,2,54,1,866,253,2,0
Garrett Jones,Yankees,0.215,5,12,17,0,0,0.257,0.361,0.618,37,21,4,1,144,8,1,0,31,0,583,152,0,0
Matt Szczur,Cubs,0.222,1,5,8,2,0,0.278,0.333,0.612,15,10,5,0,72,6,1,0,16,0,293,80,1,1
Michael Bourn,- - -,0.238,0,39,30,17,7,0.31,0.282,0.592,107,84,15,2,425,46,5,0,101,0,1902,482,3,8
Kurt Suzuki,Twins,0.24,5,36,50,0,0,0.296,0.314,0.61,59,82,17,0,433,29,14,4,104,7,1749,479,4,6
Jean Segura,Brewers,0.257,6,57,50,25,6,0.281,0.336,0.616,93,117,16,5,560,13,14,2,144,6,2057,584,2,3
Rafael Ynoa,Rockies,0.26,0,14,9,1,0,0.277,0.339,0.616,28,24,8,1,127,3,2,0,33,0,519,131,0,1
Dixon Machado,Tigers,0.235,0,6,5,1,0,0.307,0.279,0.586,14,13,3,0,68,7,3,0,16,0,287,78,0,3
Ryan Lavarnway,- - -,0.191,2,6,6,0,0,0.283,0.319,0.602,28,10,6,0,94,12,5,1,18,0,416,106,0,0
Brendan Ryan,Yankees,0.229,0,10,8,0,0,0.275,0.333,0.608,29,14,6,2,96,5,1,0,22,1,382,103,0,1
Gordon Beckham,White Sox,0.209,6,24,20,0,1,0.275,0.332,0.607,43,30,8,0,211,19,6,1,44,2,940,237,4,1
Mike Aviles,Indians,0.231,5,37,17,3,1,0.282,0.317,0.599,38,52,10,0,290,20,18,0,67,1,1196,317,1,5
Eric Sogard,Athletics,0.247,1,40,37,6,1,0.294,0.304,0.598,50,76,12,3,372,23,9,1,92,2,1459,401,1,3
Daniel Nava,- - -,0.194,1,13,10,1,0,0.315,0.245,0.56,36,22,4,0,139,20,4,0,27,5,667,166,1,1
Jordy Mercer,Pirates,0.244,3,34,34,3,2,0.293,0.32,0.613,73,72,21,0,394,27,7,7,96,2,1603,430,3,4
Ehire Adrianza,Giants,0.186,0,11,11,3,2,0.303,0.265,0.569,20,13,7,1,113,15,2,0,21,4,507,134,0,2
Ryan Rua,Rangers,0.193,4,10,7,0,0,0.221,0.398,0.619,32,7,5,0,83,3,2,0,16,0,341,86,0,0
Micah Johnson,White Sox,0.23,0,10,4,3,2,0.306,0.27,0.576,30,19,4,0,100,9,0,0,23,2,472,114,0,2
Wilson Ramos,Nationals,0.229,15,41,68,0,0,0.258,0.358,0.616,101,78,16,0,475,21,16,2,109,0,1782,504,8,0
Joey Terdoslavich,Braves,0.214,1,5,4,0,0,0.254,0.375,0.629,14,6,4,1,56,3,1,1,12,0,206,59,0,0
Daniel Castro,Braves,0.24,2,14,5,0,0,0.263,0.344,0.606,15,18,2,1,96,3,4,0,23,0,391,100,0,1
Tyler Saladino,White Sox,0.225,4,33,20,8,2,0.267,0.335,0.602,51,39,6,4,236,12,9,0,53,2,932,254,1,3
L.J. Hoes,Astros,0.267,0,1,1,0,0,0.313,0.267,0.579,3,4,0,0,15,1,0,0,4,0,55,16,0,0
Tyler Moore,Nationals,0.203,6,14,27,0,0,0.25,0.364,0.614,45,20,12,0,187,11,2,2,38,1,773,200,1,0
Daniel Robertson,Angels,0.28,0,10,7,0,0,0.299,0.307,0.605,7,19,2,0,75,2,1,1,21,0,278,80,0,3
Carlos Sanchez,White Sox,0.224,5,40,31,2,2,0.268,0.326,0.595,81,58,23,1,389,19,9,0,87,5,1615,420,1,6
Efren Navarro,Angels,0.253,0,9,5,0,2,0.295,0.301,0.597,16,17,4,0,83,5,5,1,21,0,339,88,0,0
Cristhian Adames,Rockies,0.245,0,4,3,0,1,0.298,0.302,0.6,11,11,1,1,53,3,0,1,13,1,187,58,0,1
Cliff Pennington,- - -,0.21,3,24,21,3,0,0.298,0.281,0.578,49,35,6,0,210,27,6,2,44,1,1021,249,4,7
Xavier Scruggs,Cardinals,0.262,0,5,7,1,0,0.279,0.31,0.589,10,9,2,0,42,0,2,0,11,1,157,43,0,0
Daniel Descalso,Rockies,0.205,5,22,22,1,2,0.283,0.324,0.607,45,28,3,2,185,20,3,6,38,0,771,209,0,4
Carlos Ruiz,Phillies,0.211,2,23,22,1,1,0.29,0.285,0.575,43,44,13,1,284,28,13,2,60,4,1236,320,1,3
Will Middlebrooks,Padres,0.212,9,23,29,2,1,0.241,0.361,0.602,60,36,7,2,255,11,4,0,54,0,1034,270,4,0
Trevor Brown,Giants,0.231,0,1,5,1,1,0.279,0.308,0.587,8,6,3,0,39,3,0,0,9,0,172,43,1,0
Mat Latos,- - -,0.292,0,1,1,0,0,0.292,0.292,0.583,7,7,0,0,24,0,0,0,7,0,97,34,0,10
Alex Presley,Astros,0.25,0,1,1,0,0,0.308,0.25,0.558,5,3,0,0,12,1,0,0,3,0,57,13,0,0
Mike Olt,- - -,0.191,4,7,5,0,1,0.255,0.319,0.574,35,14,0,0,94,7,2,0,18,1,442,102,0,0
Jose Lobaton,Nationals,0.199,3,11,20,0,0,0.279,0.294,0.573,40,20,4,0,136,15,5,1,27,1,633,155,2,1
Travis Jankowski,Padres,0.211,2,9,12,2,1,0.245,0.344,0.589,24,13,2,2,90,4,1,0,19,0,383,96,0,2
Sam Fuld,Athletics,0.197,2,34,22,9,3,0.276,0.293,0.569,55,36,16,3,290,30,6,1,57,2,1325,325,1,2
Chris Owings,Diamondbacks,0.227,4,59,43,16,4,0.264,0.322,0.587,144,81,27,5,515,26,9,3,117,1,1975,552,3,7
Matt Joyce,Angels,0.174,5,17,21,0,3,0.272,0.291,0.564,67,25,12,1,247,30,5,1,43,4,1074,284,2,1
Martin Maldonado,Brewers,0.21,4,19,22,0,1,0.282,0.293,0.575,65,37,7,0,229,23,6,3,48,1,994,256,2,1
Leonys Martin,Rangers,0.219,5,26,25,14,5,0.264,0.313,0.576,69,46,12,0,288,16,5,1,63,2,1112,310,1,3
Jon Jay,Cardinals,0.21,1,25,10,0,2,0.306,0.257,0.563,36,37,5,1,210,19,7,5,44,11,889,245,2,3
Michael Lorenzen,Reds,0.25,0,4,4,0,0,0.27,0.306,0.576,13,8,0,1,36,0,0,0,9,1,152,41,0,4
Byron Buxton,Twins,0.209,2,16,6,2,2,0.25,0.326,0.576,44,17,7,1,129,6,1,0,27,1,513,138,0,2
Steven Moya,Tigers,0.182,0,1,0,0,0,0.28,0.273,0.553,10,3,0,1,22,3,0,0,4,0,98,25,0,0
Kevin Plawecki,Mets,0.219,3,18,21,0,0,0.28,0.296,0.576,60,39,9,0,233,17,4,4,51,4,956,258,3,1
Hernan Perez,- - -,0.243,1,14,21,5,1,0.257,0.327,0.584,59,46,15,2,263,5,6,1,64,0,896,272,1,3
Allan Dykstra,Rays,0.129,1,3,4,0,0,0.289,0.226,0.515,12,3,0,0,31,6,2,0,4,1,155,38,0,0
Billy Hamilton,Reds,0.226,4,56,28,57,8,0.274,0.289,0.563,75,78,8,3,412,28,5,0,93,1,1677,454,4,9
Corey Hart,Pirates,0.222,2,3,9,0,0,0.246,0.352,0.597,19,9,1,0,54,1,5,1,12,1,198,57,1,0
Ichiro Suzuki,Marlins,0.229,1,45,21,11,5,0.282,0.279,0.561,51,79,5,6,398,31,8,1,91,0,1636,438,4,5
Darrell Ceciliani,Mets,0.206,1,5,3,5,1,0.27,0.279,0.55,25,11,2,0,68,4,0,0,14,2,302,75,0,0
J.J. Hardy,Orioles,0.219,8,45,37,0,0,0.253,0.311,0.564,88,68,14,0,411,20,11,0,90,0,1789,437,4,2
Deven Marrero,Red Sox,0.226,1,8,3,2,1,0.268,0.283,0.551,19,11,0,0,53,3,0,0,12,0,216,56,0,0
Zack Greinke,Dodgers,0.224,2,8,3,1,0,0.232,0.343,0.575,14,11,2,0,67,1,0,0,15,0,239,77,1,8
Junior Lake,- - -,0.2,1,4,5,4,0,0.238,0.325,0.563,29,8,7,0,80,4,1,0,16,0,357,84,0,0
Jonathan Herrera,Cubs,0.23,2,14,14,3,0,0.242,0.333,0.576,23,21,5,1,126,2,3,1,29,0,509,132,0,4
Christian Walker,Orioles,0.111,0,0,0,0,0,0.333,0.111,0.444,4,1,0,0,9,3,0,0,1,0,48,12,0,0
David Lough,Orioles,0.201,4,14,12,2,4,0.241,0.313,0.555,36,21,1,1,134,5,0,0,27,2,501,144,0,3
Todd Cunningham,Braves,0.221,0,13,4,2,1,0.28,0.267,0.547,17,15,4,0,86,5,1,1,19,2,328,93,0,0
Kaleb Cowart,Angels,0.174,1,8,4,1,1,0.255,0.283,0.538,19,5,2,0,46,5,1,0,8,0,209,52,0,1
Casey McGehee,- - -,0.198,2,14,20,1,1,0.264,0.274,0.538,50,33,12,0,237,21,18,0,47,0,998,258,0,0
Jose Pirela,Yankees,0.23,1,7,5,1,0,0.247,0.311,0.558,16,13,3,0,74,2,4,0,17,0,276,78,1,1
Tuffy Gosewisch,Diamondbacks,0.211,1,9,13,2,1,0.261,0.281,0.542,23,20,6,0,128,8,2,0,27,1,524,138,1,0
Michael Saunders,Blue Jays,0.194,0,2,3,0,0,0.306,0.194,0.499,10,6,0,0,31,5,1,0,6,0,159,36,0,0
Carlos Corporan,Rangers,0.178,3,10,15,0,0,0.244,0.299,0.543,40,12,4,0,107,6,1,0,19,4,470,121,2,2
Jake Elmore,Rays,0.206,2,10,16,1,1,0.263,0.284,0.547,25,22,5,0,141,12,6,1,29,0,597,158,3,2
Devin Mesoraco,Reds,0.178,0,2,2,1,0,0.275,0.244,0.519,9,6,1,1,45,5,0,0,8,1,199,51,0,0
Kyle Kendrick,Rockies,0.186,1,6,2,0,0,0.239,0.302,0.541,16,5,2,0,43,3,1,0,8,0,177,49,0,3
John Mayberry,Mets,0.164,3,8,9,1,0,0.227,0.318,0.545,33,8,6,1,110,9,2,0,18,0,471,119,0,0
Doug Fister,Nationals,0.226,0,2,0,0,0,0.273,0.258,0.531,15,6,1,0,31,2,0,0,7,0,121,39,0,6
David Buchanan,Phillies,0.2,0,2,1,0,0,0.273,0.25,0.523,8,3,1,0,20,2,0,0,4,0,86,23,0,1
Rickie Weeks,Mariners,0.167,2,7,9,0,0,0.263,0.25,0.513,25,11,1,0,84,9,3,0,14,2,393,95,0,0
Omar Infante,Royals,0.22,2,39,44,2,2,0.234,0.318,0.552,69,65,23,7,440,9,8,0,97,0,1557,455,4,2
Jake Peavy,Giants,0.194,1,5,3,0,0,0.216,0.333,0.55,17,4,2,0,36,1,0,0,7,0,159,41,0,4
Tony Cruz,Cardinals,0.204,2,6,11,0,0,0.235,0.31,0.545,32,19,7,1,142,6,6,0,29,0,585,151,1,2
Alexi Amarista,Padres,0.204,3,28,30,5,1,0.257,0.287,0.544,55,49,10,4,324,24,6,4,66,1,1386,357,5,3
Mike Zunino,Mariners,0.174,11,28,28,0,1,0.23,0.3,0.53,132,39,11,0,350,21,7,0,61,5,1582,386,2,8
Kyle Parker,Rockies,0.179,3,10,11,1,0,0.223,0.311,0.535,37,12,3,1,106,6,2,0,19,0,400,112,0,0
Jose Fernandez,Marlins,0.167,1,2,2,0,0,0.167,0.389,0.556,4,1,1,0,18,0,0,0,3,0,63,22,0,4
Jeremy Hellickson,Diamondbacks,0.22,0,3,7,0,0,0.283,0.22,0.502,14,9,0,0,41,2,0,0,9,2,186,49,1,3
Danny Santana,Twins,0.215,0,30,21,8,4,0.241,0.291,0.532,68,41,10,5,261,6,7,1,56,3,940,277,0,7
Noah Syndergaard,Mets,0.209,1,2,4,0,0,0.227,0.302,0.53,26,7,1,0,43,1,0,0,9,0,192,50,0,6
Hector Gomez,Brewers,0.181,1,15,7,0,0,0.212,0.323,0.535,40,9,11,2,127,3,1,0,23,2,488,134,0,2
Collin Cowgill,Angels,0.188,1,10,2,2,1,0.233,0.29,0.523,19,9,2,1,69,4,1,0,13,0,254,74,0,1
Jose Peraza,Dodgers,0.182,0,3,1,3,0,0.25,0.318,0.568,2,2,1,1,22,2,0,1,4,0,81,25,0,1
Bobby Wilson,- - -,0.189,1,8,14,0,1,0.255,0.25,0.505,39,19,5,0,132,11,1,0,25,1,570,147,1,2
Drew Butera,- - -,0.196,1,9,5,0,1,0.252,0.252,0.505,26,17,3,0,107,6,0,0,21,2,402,120,0,5
Reed Johnson,Nationals,0.227,0,0,3,0,0,0.25,0.273,0.523,6,4,1,0,22,0,1,0,5,1,84,24,1,0
Roberto Hernandez,Astros,0,0,1,0,0,0,0.333,0,0.333,2,0,0,0,2,1,0,0,0,0,13,3,0,0
Nick Franklin,Rays,0.158,3,11,7,1,0,0.213,0.307,0.52,37,8,4,1,101,7,2,0,16,0,432,109,0,1
Jordan Schafer,Twins,0.217,0,9,5,0,3,0.25,0.261,0.511,23,12,3,0,69,3,0,0,15,0,299,74,0,2
Tim Hudson,Giants,0.184,1,3,1,0,0,0.205,0.316,0.521,11,4,2,0,38,1,0,0,7,0,138,42,0,3
Chase d'Arnaud,Phillies,0.176,0,2,0,0,1,0.222,0.294,0.516,7,2,0,1,17,1,0,0,3,0,59,18,0,0
Trevor Bauer,Indians,0.167,0,0,0,0,0,0.286,0.167,0.452,1,1,0,0,6,1,0,0,1,0,30,7,0,0
Josh Thole,Blue Jays,0.204,0,5,2,0,0,0.25,0.245,0.495,9,8,2,0,49,3,2,0,10,0,194,52,0,0
Mac Williamson,Giants,0.219,0,2,1,0,0,0.235,0.281,0.517,8,6,0,1,32,0,1,0,7,1,129,34,1,0
Ryan Strausborger,Rangers,0.2,1,9,3,2,1,0.24,0.267,0.507,11,8,0,0,45,3,1,0,9,0,194,51,2,1
Tyler Lyons,Cardinals,0.188,0,3,1,0,0,0.278,0.188,0.465,4,3,0,0,16,2,0,0,3,0,82,20,0,2
Christian Bethancourt,Braves,0.2,2,16,12,1,1,0.225,0.29,0.515,33,21,8,0,155,5,7,1,31,0,527,160,0,0
Leury Garcia,White Sox,0.214,0,0,1,1,0,0.267,0.214,0.481,7,3,0,0,14,1,0,0,3,0,62,15,0,0
Hector Sanchez,Giants,0.179,1,5,5,0,0,0.207,0.304,0.51,14,5,4,0,56,2,1,0,10,0,191,59,0,1
David Ross,Cubs,0.176,1,6,9,1,0,0.267,0.252,0.518,61,18,9,0,159,20,1,7,28,0,716,182,1,2
Jeremy Guthrie,Royals,0.25,0,0,0,0,0,0.25,0.25,0.5,0,1,0,0,4,0,0,0,1,0,14,5,0,1
Ubaldo Jimenez,Orioles,0.25,0,0,2,0,0,0.25,0.25,0.5,4,2,0,0,8,0,0,0,2,0,26,8,0,0
Scott Kazmir,- - -,0.25,0,1,1,0,0,0.25,0.25,0.5,2,1,0,0,4,0,0,0,1,0,15,4,0,0
Adam Moore,Indians,0.25,0,0,1,0,0,0.25,0.25,0.5,2,1,0,0,4,0,0,0,1,0,15,4,0,0
Alex Dickerson,Padres,0.25,0,0,0,0,0,0.25,0.25,0.5,3,2,0,0,8,0,1,0,2,0,29,8,0,0
Jon Moscot,Reds,0.25,0,0,0,0,0,0.25,0.25,0.5,2,1,0,0,4,0,0,0,1,0,12,4,0,0
Buck Farmer,Tigers,0.25,0,0,0,0,0,0.25,0.25,0.5,3,1,0,0,4,0,0,0,1,0,17,4,0,0
Hanser Alberto,Rangers,0.222,0,12,4,1,0,0.238,0.263,0.5,17,19,2,1,99,2,2,0,22,0,345,104,0,3
Coco Crisp,Athletics,0.175,0,11,6,2,0,0.252,0.222,0.474,25,16,6,0,126,13,2,0,22,0,533,139,0,0
Chris Herrmann,Twins,0.146,2,13,10,0,0,0.214,0.272,0.486,37,7,5,1,103,7,1,0,15,2,435,113,0,1
Chris Rusin,Rockies,0.217,1,5,4,0,0,0.217,0.283,0.5,7,9,0,0,46,0,0,0,10,0,139,50,0,4
Everth Cabrera,Orioles,0.208,0,7,4,2,0,0.25,0.229,0.479,22,18,2,0,96,5,4,0,20,1,407,105,2,1
Oscar Hernandez,Diamondbacks,0.161,0,4,1,0,0,0.257,0.194,0.451,15,4,1,0,31,3,0,0,5,1,150,36,0,1
Josh Collmenter,Diamondbacks,0.185,0,2,1,0,0,0.267,0.185,0.452,9,5,0,0,27,3,1,0,5,0,112,32,0,2
Dustin Garneau,Rockies,0.157,2,6,8,0,0,0.224,0.286,0.509,14,6,3,0,70,6,2,2,11,0,276,76,0,0
Rene Rivera,Rays,0.178,5,16,26,0,0,0.213,0.275,0.489,86,34,14,0,298,11,4,0,53,3,1175,319,2,5
Jeff Mathis,Marlins,0.161,2,9,12,0,0,0.214,0.29,0.504,24,8,4,1,93,7,2,1,15,0,393,103,3,0
Daniel Muno,Mets,0.148,0,2,0,1,0,0.258,0.185,0.443,11,3,1,0,27,4,1,0,4,0,142,32,0,1
Robbie Grossman,Astros,0.143,1,7,5,0,0,0.222,0.245,0.467,17,4,2,0,49,5,0,0,7,0,216,54,0,0
Clayton Richard,Cubs,0.143,0,1,3,0,0,0.2,0.286,0.486,6,0,2,0,14,1,0,0,2,0,56,15,0,0
Carson Blair,Athletics,0.129,1,3,3,0,0,0.229,0.226,0.454,18,3,0,0,31,4,1,0,4,0,155,35,0,0
Kyle Lohse,Brewers,0.231,0,3,1,0,0,0.231,0.256,0.487,10,8,1,0,39,0,1,0,9,0,149,42,0,3
Jonathan Diaz,Blue Jays,0.154,0,1,2,0,0,0.267,0.154,0.421,3,2,0,0,13,1,0,0,2,1,66,16,0,1
Kyle Kubitza,Angels,0.194,0,6,1,0,0,0.256,0.194,0.451,15,7,0,0,36,3,2,0,7,0,166,39,0,0
Pedro Villarreal,Reds,0.167,0,0,2,0,0,0.167,0.333,0.5,3,0,1,0,6,0,0,0,1,0,25,6,0,0
Joaquin Arias,Giants,0.207,1,5,4,1,0,0.207,0.276,0.483,12,10,1,0,58,0,1,0,12,0,214,59,0,1
Allen Craig,Red Sox,0.152,1,6,3,0,0,0.239,0.203,0.441,26,10,1,0,79,7,2,0,12,2,365,88,0,0
Erik Kratz,- - -,0.192,0,3,3,0,0,0.214,0.269,0.484,5,3,2,0,26,1,0,0,5,0,108,28,1,0
Grant Green,Angels,0.19,1,6,3,0,1,0.227,0.262,0.489,14,7,0,0,42,2,2,1,8,0,159,44,0,0
Jon Niese,Mets,0.173,0,5,4,0,0,0.246,0.192,0.438,18,8,1,0,52,5,0,0,9,0,227,60,0,3
Taylor Featherston,Angels,0.162,2,23,9,4,2,0.212,0.247,0.459,46,17,5,1,154,7,3,0,25,3,636,169,1,4
Max Scherzer,Nationals,0.217,0,4,0,0,0,0.239,0.217,0.457,23,15,0,0,69,2,0,0,15,0,259,77,0,6
Anthony Recker,Mets,0.125,2,6,5,1,0,0.239,0.213,0.452,35,7,1,0,80,11,1,2,10,1,351,92,0,0
Ramon Flores,Yankees,0.219,0,3,0,0,0,0.219,0.25,0.469,4,6,1,0,32,0,0,0,7,0,114,33,0,1
Kevin Frandsen,Giants,0.182,0,1,0,0,0,0.25,0.182,0.432,3,2,0,0,11,1,2,0,2,0,36,13,0,1
Eric Young,- - -,0.153,0,16,5,6,2,0.217,0.247,0.464,18,7,4,2,85,6,1,1,13,1,333,94,0,2
Donovan Solano,Marlins,0.189,0,6,7,0,0,0.215,0.244,0.459,18,13,3,1,90,1,4,0,17,2,348,94,0,1
Austin Hedges,Padres,0.168,3,13,11,0,0,0.215,0.248,0.463,38,18,2,0,137,8,1,1,23,1,536,152,3,3
Johnny Monell,Mets,0.167,0,5,4,0,0,0.231,0.208,0.439,13,6,2,0,48,4,5,0,8,0,199,52,0,0
Luis Sardinas,Brewers,0.196,0,8,4,0,0,0.24,0.216,0.457,25,18,0,1,97,6,3,1,19,0,396,105,1,1
Chris Taylor,Mariners,0.17,0,9,1,3,2,0.22,0.223,0.443,31,12,3,1,94,6,0,0,16,0,375,102,0,2
Sandy Leon,Red Sox,0.184,0,8,3,0,1,0.238,0.202,0.439,28,19,2,0,114,7,4,1,21,1,502,128,0,6
Wil Nieves,Padres,0.077,1,1,4,0,0,0.143,0.308,0.451,4,0,0,0,13,1,0,0,1,0,58,14,0,0
Mark Buehrle,Blue Jays,0.143,0,0,0,0,0,0.25,0.143,0.393,3,1,0,0,7,1,0,0,1,0,37,9,0,1
Trevor Cahill,- - -,0.143,0,0,0,0,0,0.25,0.143,0.393,2,1,0,0,7,1,0,0,1,0,27,8,0,0
Adam Conley,Marlins,0.222,0,0,1,0,0,0.222,0.222,0.444,8,4,0,0,18,0,0,0,4,0,61,22,0,4
Nick Noonan,Giants,0.091,1,2,3,0,0,0.167,0.273,0.439,8,0,1,0,22,2,1,0,2,0,84,24,0,0
Kristopher Negron,Reds,0.14,0,5,2,2,0,0.238,0.161,0.399,23,11,2,0,93,9,2,0,13,3,370,107,0,2
Jacob deGrom,Mets,0.186,0,3,4,0,0,0.226,0.203,0.429,16,10,1,0,59,3,4,0,11,0,225,66,0,4
Alex Wood,- - -,0.164,0,2,4,0,0,0.22,0.2,0.42,34,7,2,0,55,4,2,0,9,0,255,67,0,8
Gregorio Petit,Yankees,0.167,0,7,5,0,0,0.217,0.238,0.455,16,4,3,0,42,3,0,1,7,0,179,47,1,1
Daniel Dorn,Diamondbacks,0.167,0,0,3,0,0,0.219,0.2,0.419,10,4,1,0,30,2,1,0,5,0,125,32,0,0
Dan Johnson,Cardinals,0.158,0,1,2,0,0,0.238,0.158,0.396,4,3,0,0,19,2,1,0,3,0,104,21,0,0
Tim Lincecum,Giants,0.143,0,0,0,0,0,0.217,0.19,0.408,10,2,1,0,21,2,1,0,3,0,95,25,0,2
Tanner Roark,Nationals,0.185,0,1,0,0,0,0.185,0.259,0.444,9,3,2,0,27,0,0,0,5,0,94,29,0,2
Jesus Sucre,Mariners,0.157,1,9,7,0,0,0.195,0.228,0.424,21,13,6,0,127,6,6,0,20,0,525,142,0,9
Jason Marquis,Reds,0.188,0,2,1,0,0,0.188,0.25,0.438,4,2,1,0,16,0,0,0,3,0,45,17,0,1
Ryan Lollis,Giants,0.167,0,0,0,1,0,0.231,0.167,0.397,1,2,0,0,12,1,0,0,2,0,51,13,0,0
Christian Bergman,Rockies,0.167,0,1,0,0,0,0.231,0.167,0.397,4,2,0,0,12,1,0,0,2,0,60,15,0,2
Marc Krauss,- - -,0.141,2,3,8,0,0,0.173,0.256,0.429,31,6,3,0,78,3,0,0,11,0,333,81,0,0
Chris Heston,Giants,0.196,0,1,3,0,0,0.196,0.235,0.431,18,8,2,0,51,0,1,0,10,0,170,58,0,7
Jake Arrieta,Cubs,0.152,2,5,2,0,0,0.163,0.266,0.428,45,8,1,1,79,1,1,0,12,0,296,83,0,3
Reid Brignac,Marlins,0.077,0,2,0,0,0,0.25,0.077,0.327,5,1,0,0,13,3,0,0,1,0,69,17,0,1
Luke Maile,Rays,0.171,0,2,2,0,0,0.171,0.257,0.429,8,3,3,0,35,0,3,0,6,0,127,35,0,0
Craig Gentry,Athletics,0.12,0,6,3,1,1,0.196,0.2,0.396,15,4,0,2,50,4,0,0,6,1,203,56,1,0
Michael Wacha,Cardinals,0.154,0,5,4,1,0,0.214,0.173,0.387,20,7,1,0,52,4,0,0,8,0,238,62,0,6
Pete Kozma,Cardinals,0.152,0,15,2,3,1,0.236,0.152,0.388,21,15,0,0,99,10,0,2,15,1,414,111,0,1
Ryan Vogelsong,Giants,0.139,1,3,2,0,0,0.162,0.25,0.412,13,3,1,0,36,1,0,0,5,0,155,45,0,8
Terrance Gore,Royals,0,0,1,0,3,0,0.25,0,0.25,1,0,0,0,3,0,0,0,0,1,12,4,0,0
Rob Brantly,White Sox,0.121,1,3,6,0,0,0.167,0.242,0.409,8,2,1,0,33,2,1,0,4,0,145,36,1,0
Brennan Boesch,Reds,0.146,1,4,5,1,0,0.191,0.202,0.394,30,10,2,0,89,4,0,0,13,1,328,94,0,0
Francisco Liriano,Pirates,0.169,1,4,7,0,0,0.169,0.246,0.415,28,8,2,0,65,0,0,0,11,0,224,67,0,2
Vance Worley,Pirates,0.176,0,1,0,0,0,0.176,0.235,0.412,6,2,1,0,17,0,0,0,3,0,54,18,0,1
Emilio Bonifacio,White Sox,0.167,0,5,4,1,4,0.198,0.192,0.39,27,11,2,0,78,2,1,0,13,1,310,82,0,1
Hector Santiago,Angels,0.2,0,0,0,0,0,0.2,0.2,0.4,3,1,0,0,5,0,1,0,1,0,17,5,0,0
Taylor Teagarden,Cubs,0.2,0,0,2,0,0,0.2,0.2,0.4,4,3,0,0,15,0,1,0,3,0,62,15,0,0
Dallas Keuchel,Astros,0.2,0,0,0,0,0,0.2,0.2,0.4,4,1,0,0,5,0,0,0,1,0,19,6,0,1
Joe Kelly,Red Sox,0.2,0,0,1,0,0,0.2,0.2,0.4,2,1,0,0,5,0,0,0,1,0,16,5,0,0
Kyle Gibson,Twins,0.2,0,0,0,0,0,0.2,0.2,0.4,2,1,0,0,5,0,0,0,1,0,15,5,0,0
Andy Parrino,Athletics,0,0,1,0,0,0,0.25,0,0.25,5,0,0,0,6,2,0,0,0,0,34,8,0,0
Ian Thomas,Dodgers,0,0,1,0,0,0,0.25,0,0.25,1,0,0,0,3,1,1,0,0,0,13,4,0,0
Willie Bloomquist,Mariners,0.159,0,2,4,1,1,0.194,0.174,0.368,13,10,1,0,69,2,2,0,11,1,240,72,0,0
Tomas Telis,- - -,0.158,0,2,2,0,0,0.22,0.158,0.377,4,6,0,0,38,1,2,1,6,2,148,41,0,0
Patrick Corbin,Diamondbacks,0.12,0,1,3,0,0,0.214,0.12,0.334,11,3,0,0,25,3,1,0,3,0,127,29,0,1
Arismendy Alcantara,Cubs,0.077,0,5,1,1,0,0.226,0.077,0.303,11,2,0,0,26,5,0,0,2,0,132,32,0,1
Anthony DeSclafani,Reds,0.155,0,1,3,0,0,0.194,0.172,0.366,33,8,1,0,58,3,0,0,9,0,237,64,1,2
Aaron Harang,Phillies,0.167,0,4,0,0,0,0.184,0.188,0.371,18,7,1,0,48,1,2,0,8,0,188,58,0,9
Dan Haren,- - -,0.122,0,4,5,0,0,0.2,0.143,0.343,16,5,1,0,49,5,2,0,6,0,215,65,1,10
Jason Hammel,Cubs,0.169,0,6,4,0,0,0.179,0.185,0.364,18,10,1,0,65,1,1,0,11,0,229,70,1,3
Wilmer Difo,Nationals,0.182,0,1,0,0,0,0.182,0.182,0.364,2,2,0,0,11,0,0,0,2,0,30,11,0,0
Matt McBride,Rockies,0.167,0,5,0,0,0,0.186,0.167,0.353,4,7,0,0,42,0,0,0,7,1,119,43,0,0
Chad Billingsley,Phillies,0.077,1,2,1,0,0,0.077,0.308,0.385,5,0,0,0,13,0,1,0,1,0,45,14,0,1
Carlos Martinez,Cardinals,0.143,0,2,0,0,0,0.172,0.179,0.351,23,6,2,0,56,1,1,0,8,1,215,63,0,5
Matthew Wisler,Braves,0.138,0,0,1,0,0,0.194,0.138,0.331,6,4,0,0,29,2,0,0,4,0,120,36,0,5
Johnny Cueto,Reds,0.162,0,1,0,0,0,0.184,0.162,0.346,10,6,0,0,37,1,0,0,6,0,140,43,0,5
Lance Lynn,Cardinals,0.16,0,3,1,0,0,0.16,0.2,0.36,26,6,2,0,50,0,0,0,8,0,199,55,0,5
Cole Hamels,- - -,0.167,0,2,0,0,0,0.167,0.19,0.357,17,6,1,0,42,0,1,0,7,0,123,46,0,4
Pedro Florimon,Pirates,0.087,0,5,1,1,0,0.16,0.174,0.334,12,1,0,1,23,2,0,0,2,0,104,25,0,0
Cody Ross,Athletics,0.091,0,3,3,0,0,0.2,0.091,0.291,6,2,0,0,22,3,0,0,2,0,104,25,0,0
Mike Leake,- - -,0.116,2,4,8,0,0,0.116,0.246,0.362,36,3,3,0,69,0,0,0,8,0,242,73,0,4
Gerrit Cole,Pirates,0.15,0,5,2,0,0,0.177,0.15,0.327,28,9,0,0,60,2,0,0,9,0,252,71,0,9
Kevin Correia,Phillies,0.167,0,0,0,0,0,0.167,0.167,0.333,1,1,0,0,6,0,0,0,1,0,24,7,0,1
Sonny Gray,Athletics,0.167,0,0,0,0,0,0.167,0.167,0.333,4,1,0,0,6,0,0,0,1,0,19,6,0,0
John Lackey,Cardinals,0.113,0,0,3,0,0,0.167,0.145,0.312,24,5,2,0,62,4,2,0,7,0,233,70,0,4
Jordan Zimmermann,Nationals,0.159,0,4,3,0,0,0.159,0.175,0.333,18,9,1,0,63,0,0,0,10,0,256,69,0,6
Clayton Kershaw,Dodgers,0.127,0,2,2,0,0,0.162,0.155,0.317,23,7,2,0,71,2,2,0,9,1,304,79,0,5
Stephen Strasburg,Nationals,0.132,0,1,0,0,0,0.175,0.132,0.307,17,5,0,0,38,2,0,0,5,0,179,46,0,6
Severino Gonzalez,Phillies,0.1,0,2,1,0,0,0.182,0.1,0.282,4,1,0,0,10,1,0,0,1,0,40,12,0,1
James Jones,Mariners,0.103,0,1,0,1,1,0.161,0.138,0.299,13,2,1,0,29,2,0,0,3,0,149,31,0,0
Brett Anderson,Dodgers,0.085,0,1,3,0,0,0.173,0.106,0.279,32,3,1,0,47,5,2,0,4,0,218,61,0,9
Taijuan Walker,Mariners,0.111,0,0,1,0,0,0.111,0.222,0.333,5,0,1,0,9,0,0,0,1,0,35,10,0,1
Tyler Holt,- - -,0.097,0,4,0,1,0,0.176,0.097,0.273,11,3,0,0,31,3,0,0,3,0,114,34,0,0
Chad Bettis,Rockies,0.069,0,2,1,0,0,0.182,0.069,0.251,13,2,0,0,29,4,0,0,2,0,141,33,0,0
Nevin Ashley,Brewers,0.1,0,2,1,0,0,0.143,0.15,0.293,8,1,1,0,20,0,0,0,2,1,85,21,0,0
James Shields,Padres,0.132,0,7,2,0,0,0.145,0.162,0.307,28,7,2,0,68,1,0,0,9,0,277,74,0,5
Bartolo Colon,Mets,0.138,0,2,4,0,0,0.15,0.155,0.305,24,7,1,0,58,0,2,0,8,1,186,64,1,4
Tom Koehler,Marlins,0.12,0,2,1,0,0,0.154,0.14,0.294,28,5,1,0,50,2,1,0,6,0,220,64,0,12
Sean O'Sullivan,Phillies,0.1,0,2,0,0,0,0.143,0.15,0.293,10,1,1,0,20,1,0,0,2,0,99,23,0,2
Gio Gonzalez,Nationals,0.093,0,1,2,0,0,0.152,0.116,0.268,18,3,1,0,43,1,1,0,4,2,198,56,0,10
A.J. Burnett,Pirates,0.119,1,1,5,0,0,0.116,0.19,0.307,20,4,0,0,42,0,1,0,5,0,179,52,1,9
Yohan Flande,Rockies,0.143,0,1,1,0,0,0.143,0.143,0.286,10,3,0,0,21,0,0,0,3,0,65,22,0,1
Francisco Pena,Royals,0.143,0,0,0,0,0,0.143,0.143,0.286,3,1,0,0,7,0,1,0,1,0,26,7,0,0
Vidal Nuno,- - -,0.143,0,0,1,0,0,0.143,0.143,0.286,0,1,0,0,7,0,0,0,1,0,18,7,0,0
Max Kepler,Twins,0.143,0,0,0,0,0,0.143,0.143,0.286,3,1,0,0,7,0,0,0,1,0,37,7,0,0
Jerad Eickhoff,Phillies,0.143,0,1,2,0,0,0.143,0.143,0.286,7,2,0,0,14,0,0,0,2,0,45,16,0,2
Archie Bradley,Diamondbacks,0.143,0,0,0,0,1,0.143,0.143,0.286,7,2,0,0,14,0,0,0,2,0,51,14,0,0
Travis Wood,Cubs,0.1,0,0,2,0,0,0.156,0.1,0.256,16,3,0,0,30,2,0,0,3,0,134,32,0,0
Matt Harvey,Mets,0.108,1,1,7,0,0,0.108,0.185,0.292,31,4,2,0,65,0,2,0,7,0,242,66,0,1
David Phelps,Marlins,0.118,0,0,0,0,0,0.143,0.118,0.261,16,4,0,0,34,0,0,0,4,1,127,40,0,5
Joe Ross,Nationals,0.111,0,2,0,0,0,0.143,0.111,0.254,11,3,0,0,27,0,1,0,3,1,100,30,0,2
Zach Walters,Indians,0.133,0,0,3,0,0,0.133,0.133,0.267,15,4,0,0,30,0,0,0,4,0,118,30,0,0
Juan Centeno,Brewers,0.048,0,0,0,0,0,0.13,0.095,0.226,7,0,1,0,21,2,0,0,1,0,89,23,0,0
Jaime Garcia,Cardinals,0.098,0,1,1,0,0,0.14,0.098,0.237,15,4,0,0,41,2,0,0,4,0,148,44,0,1
Jimmy Nelson,Brewers,0.109,0,1,2,0,0,0.125,0.127,0.252,34,5,1,0,55,1,0,0,6,0,201,59,0,3
Ian Kennedy,Padres,0.095,0,3,0,0,0,0.095,0.167,0.262,23,1,3,0,42,0,1,0,4,0,193,48,0,6
Jhoulys Chacin,Diamondbacks,0.125,0,0,0,0,0,0.125,0.125,0.25,4,1,0,0,8,0,0,0,1,0,30,9,0,1
Collin McHugh,Astros,0.125,0,1,0,0,0,0.125,0.125,0.25,4,1,0,0,8,0,0,0,1,0,31,8,0,0
Julio Teheran,Braves,0.096,0,0,2,0,0,0.13,0.096,0.226,9,5,0,0,52,2,0,0,5,0,214,68,0,14
Jonathan Gray,Rockies,0,0,1,0,0,0,0.154,0,0.154,6,0,0,0,11,2,0,0,0,0,56,13,0,0
Williams Perez,Braves,0.071,0,2,0,0,0,0.133,0.071,0.205,13,2,0,0,28,2,0,0,2,0,135,34,0,4
Chase Anderson,Diamondbacks,0.104,0,0,3,0,0,0.122,0.104,0.227,23,5,0,0,48,1,2,0,5,0,195,57,0,8
Brad Hand,Marlins,0.118,0,1,2,0,0,0.118,0.118,0.235,5,2,0,0,17,0,0,0,2,0,76,23,0,6
Shelby Miller,Braves,0.054,0,1,0,0,0,0.117,0.089,0.206,29,1,2,0,56,4,0,0,3,0,270,71,0,11
J.A. Happ,- - -,0.087,0,1,0,0,0,0.125,0.087,0.212,13,2,0,0,23,1,1,0,2,0,100,27,0,3
Aaron Nola,Phillies,0.087,0,0,1,0,0,0.125,0.087,0.212,16,2,0,0,23,1,0,0,2,0,108,26,0,2
Carlos Frias,Dodgers,0.048,0,1,0,0,0,0.13,0.048,0.178,12,1,0,0,21,1,0,0,1,1,76,24,0,1
Brandon McCarthy,Dodgers,0,0,0,1,0,0,0.143,0,0.143,5,0,0,0,6,1,0,0,0,0,36,9,0,2
Chris Sale,White Sox,0.111,0,1,0,0,0,0.111,0.111,0.222,4,1,0,0,9,0,0,0,1,0,35,9,0,0
Zachary Godley,Diamondbacks,0.111,0,0,0,0,0,0.111,0.111,0.222,6,1,0,0,9,0,0,0,1,0,33,10,0,1
Andrew Lambo,Pirates,0.04,0,1,0,0,0,0.111,0.08,0.191,8,0,1,0,25,2,0,0,1,0,115,27,0,0
Robbie Ray,Diamondbacks,0.097,0,0,0,0,0,0.097,0.129,0.226,14,2,1,0,31,0,0,0,3,0,115,36,0,5
Jeff Locke,Pirates,0.067,0,1,2,0,0,0.106,0.089,0.195,18,2,1,0,45,2,1,0,3,0,202,54,0,7
Jhonatan Solano,Marlins,0.05,0,1,2,0,0,0.095,0.1,0.195,1,0,1,0,20,1,0,0,1,0,69,21,0,0
Luis Jimenez,- - -,0.063,0,1,0,0,0,0.118,0.063,0.18,6,1,0,0,16,1,0,0,1,0,55,17,0,0
Odrisamer Despaigne,Padres,0.067,0,0,0,0,0,0.097,0.1,0.197,11,1,1,0,30,1,1,0,2,0,106,34,0,3
Wily Peralta,Brewers,0.033,0,1,1,0,0,0.121,0.033,0.155,15,1,0,0,30,3,0,0,1,0,136,37,0,4
Jerome Williams,Phillies,0.065,0,0,1,0,0,0.094,0.097,0.191,14,1,1,0,31,1,0,0,2,0,107,36,0,4
Dillon Gee,Mets,0.1,0,0,0,0,0,0.1,0.1,0.2,5,1,0,0,10,0,0,0,1,0,37,12,0,2
Mike Fiers,Brewers,0.1,0,0,0,0,0,0.1,0.1,0.2,12,3,0,0,30,0,0,0,3,0,109,34,0,4
Rocky Gale,Padres,0.1,0,0,0,0,0,0.1,0.1,0.2,1,1,0,0,10,0,1,0,1,0,28,10,0,0
Jon Lester,Cubs,0.065,0,6,0,0,0,0.108,0.065,0.172,30,4,0,0,62,3,1,0,4,0,257,71,0,6
Masahiro Tanaka,Yankees,0,0,0,0,0,0,0.125,0,0.125,2,0,0,0,7,1,0,0,0,0,39,8,0,0
John Hicks,Mariners,0.063,0,1,1,1,1,0.091,0.094,0.185,18,1,1,0,32,1,0,0,2,0,144,34,0,1
Andrew Cashner,Padres,0.083,0,2,1,0,0,0.098,0.083,0.182,24,5,0,0,60,1,0,0,5,0,221,61,0,0
Matt Garza,Brewers,0.077,0,0,0,0,1,0.1,0.077,0.177,21,3,0,0,39,1,0,0,3,0,160,47,0,7
Rubby de la Rosa,Diamondbacks,0.094,0,3,2,0,0,0.094,0.094,0.188,25,6,0,0,64,0,0,0,6,0,225,68,0,4
Raisel Iglesias,Reds,0.067,0,0,1,0,0,0.067,0.133,0.2,13,1,0,1,30,0,0,0,2,0,108,31,0,1
Adam Morgan,Phillies,0.077,0,2,1,0,0,0.077,0.115,0.192,12,1,1,0,26,0,0,0,2,0,93,27,0,1
John Lamb,Reds,0.063,0,0,1,0,0,0.063,0.125,0.188,8,0,1,0,16,0,0,0,1,0,62,16,0,0
David Hale,Rockies,0.087,0,1,0,0,0,0.087,0.087,0.174,9,2,0,0,23,0,0,0,2,0,90,27,0,4
Tsuyoshi Wada,Cubs,0,0,1,0,0,0,0.111,0,0.111,5,0,0,0,8,1,0,0,0,0,40,9,0,0
Mike Foltynewicz,Braves,0.071,0,0,3,0,0,0.069,0.107,0.176,19,1,1,0,28,0,1,0,2,0,111,30,1,1
Ryan LaMarre,Reds,0.08,0,2,0,0,0,0.08,0.08,0.16,9,2,0,0,25,0,1,0,2,0,95,26,0,1
Jason Pridie,Athletics,0,0,0,0,0,0,0.1,0,0.1,4,0,0,0,9,1,0,0,0,0,35,10,0,0
Ryan Jackson,Angels,0,0,0,0,0,0,0.1,0,0.1,5,0,0,0,9,1,1,0,0,0,48,14,0,4
Brandon Morrow,Padres,0,0,0,0,0,0,0.1,0,0.1,8,0,0,0,9,1,0,0,0,0,49,10,0,0
Eric Stults,Braves,0.077,0,0,0,0,0,0.077,0.077,0.154,7,1,0,0,13,0,0,0,1,0,61,16,0,3
Jose Urena,Marlins,0.077,0,0,0,0,0,0.077,0.077,0.154,9,1,0,0,13,0,0,0,1,0,46,13,0,0
Zachary Davies,Brewers,0.077,0,1,0,0,0,0.077,0.077,0.154,3,1,0,0,13,0,0,0,1,0,53,14,0,1
Yadiel Rivera,Brewers,0.071,0,0,0,0,0,0.071,0.071,0.143,4,1,0,0,14,0,0,0,1,0,69,15,0,1
Steve Lombardozzi,Pirates,0,0,1,0,0,0,0.091,0,0.091,4,0,0,0,10,1,0,0,0,0,38,11,0,0
Kyle Hendricks,Cubs,0.05,0,2,1,0,0,0.066,0.067,0.132,24,2,1,0,60,1,2,0,3,0,212,64,0,3
Jorge de la Rosa,Rockies,0.063,0,0,3,0,0,0.063,0.063,0.125,18,3,0,0,48,0,1,0,3,0,179,50,0,2
Jarred Cosart,Marlins,0.059,0,0,1,0,0,0.059,0.059,0.118,8,1,0,0,17,0,0,0,1,0,67,18,0,1
Charlie Morton,Pirates,0.028,0,0,1,0,0,0.054,0.028,0.082,18,1,0,0,36,1,0,0,1,0,142,43,0,6
Eddie Butler,Rockies,0.043,0,0,0,0,0,0.043,0.043,0.087,13,1,0,0,23,0,0,0,1,0,91,24,0,1
Justin Nicolino,Marlins,0.04,0,0,0,0,0,0.04,0.04,0.08,8,1,0,0,25,0,0,0,1,0,107,27,0,2
Mike Bolsinger,Dodgers,0.026,0,1,0,0,0,0.026,0.053,0.079,23,0,1,0,38,0,0,0,1,0,142,40,0,2
CC Sabathia,Yankees,0,0,0,0,0,0,0,0,0,2,0,0,0,3,0,0,0,0,0,8,3,0,0
Jeremy Affeldt,Giants,0,0,0,0,0,0,0,0,0,2,0,0,0,2,0,0,0,0,0,9,2,0,0
LaTroy Hawkins,Rockies,0,0,0,0,0,0,0,0,0,1,0,0,0,1,0,0,0,0,0,4,1,0,0
R.A. Dickey,Blue Jays,0,0,0,0,0,0,0,0,0,1,0,0,0,3,0,0,0,0,0,8,4,0,1
Colby Lewis,Rangers,0,0,0,0,0,0,0,0,0,2,0,0,0,2,0,0,0,0,0,12,2,0,0
Javier Lopez,Giants,0,0,0,0,0,0,0,0,0,0,0,0,0,0,0,0,0,0,0,4,1,0,1
Gerald Laird,Diamondbacks,0,0,0,0,0,0,0,0,0,0,0,0,0,2,0,0,0,0,0,4,2,0,0
Chris Capuano,Yankees,0,0,0,0,0,0,0,0,0,0,0,0,0,1,0,0,0,0,0,3,1,0,0
Edwin Jackson,Braves,0,0,0,0,0,0,0,0,0,0,0,0,0,1,0,0,0,0,0,2,1,0,0
Matt Moore,Rays,0,0,0,0,0,0,0,0,0,0,0,0,0,1,0,0,0,0,0,12,2,0,1
David Aardsma,Braves,0,0,0,0,0,0,0,0,0,1,0,0,0,1,0,0,0,0,0,3,1,0,0
Chris Narveson,Marlins,0,0,1,1,0,0,0,0,0,4,0,0,0,6,0,0,0,0,0,35,7,0,1
Alfredo Simon,Tigers,0,0,0,0,0,0,0,0,0,2,0,0,0,5,0,0,0,0,0,17,5,0,0
Ronald Belisario,Rays,0,0,0,0,0,0,0,0,0,0,0,0,0,1,0,0,0,0,0,5,1,0,0
Don Kelly,Marlins,0,0,0,0,0,0,0,0,0,0,0,0,0,1,0,0,0,0,0,5,1,0,0
Adam Wainwright,Cardinals,0,0,0,0,0,0,0,0,0,2,0,0,0,10,0,0,0,0,0,30,10,0,0
Joel Peralta,Dodgers,0,0,0,0,0,0,0,0,0,1,0,0,0,1,0,0,0,0,0,4,1,0,0
Cory Rasmus,Angels,0,0,0,0,0,0,0,0,0,0,0,0,0,1,0,0,0,0,0,3,1,0,0
Corey Kluber,Indians,0,0,0,0,0,0,0,0,0,3,0,0,0,6,0,1,0,0,0,19,6,0,0
Edward Easley,Cardinals,0,0,0,1,0,0,0,0,0,1,0,0,0,6,0,1,0,0,0,22,7,1,0
Eric Surkamp,Dodgers,0,0,0,0,0,0,0,0,0,0,0,0,0,0,0,0,0,0,0,2,1,0,1
Rick Porcello,Red Sox,0,0,0,0,0,0,0,0,0,2,0,0,0,2,0,0,0,0,0,8,2,0,0
Jacob Brigham,Braves,0,0,0,0,0,0,0,0,0,1,0,0,0,1,0,0,0,0,0,7,2,0,1
Ross Detwiler,Braves,0,0,0,0,0,0,0,0,0,1,0,0,0,1,0,0,0,0,0,6,1,0,0
Luis Avilan,Dodgers,0,0,0,0,0,0,0,0,0,0,0,0,0,1,0,0,0,0,0,4,1,0,0
David Price,- - -,0,0,0,0,0,0,0,0,0,3,0,0,0,9,0,1,0,0,0,28,9,0,0
Will Harris,Astros,0,0,0,0,0,0,0,0,0,1,0,0,0,1,0,0,0,0,0,3,1,0,0
Jean Machi,Giants,0,0,0,0,0,0,0,0,0,2,0,0,0,3,0,0,0,0,0,10,3,0,0
Anibal Sanchez,Tigers,0,0,0,0,0,0,0,0,0,4,0,0,0,4,0,0,0,0,0,14,4,0,0
Chris Hatcher,Dodgers,0,0,0,0,0,0,0,0,0,0,0,0,0,1,0,0,0,0,0,2,1,0,0
Andre Rienzo,Marlins,0,0,0,0,0,0,0,0,0,0,0,0,0,2,0,0,0,0,0,3,2,0,0
Clay Buchholz,Red Sox,0,0,0,0,0,0,0,0,0,2,0,0,0,6,0,0,0,0,0,30,6,0,0
Ricky Nolasco,Twins,0,0,0,0,0,0,0,0,0,3,0,0,0,3,0,0,0,0,0,14,3,0,0
Edinson Volquez,Royals,0,0,0,0,0,0,0,0,0,4,0,0,0,6,0,0,0,0,0,22,6,0,0
Allen Webster,Diamondbacks,0,0,1,0,0,0,0,0,0,6,0,0,0,11,0,0,0,0,0,37,11,0,0
Yusmeiro Petit,Giants,0,0,1,0,0,0,0,0,0,3,0,0,0,9,0,0,0,0,0,23,10,0,1
Brian Duensing,Twins,0,0,0,0,0,0,0,0,0,0,0,0,0,1,0,0,0,0,0,2,1,0,0
Erik Cordier,Marlins,0,0,0,0,0,0,0,0,0,0,0,0,0,0,0,0,0,0,0,1,1,0,1
James Russell,Cubs,0,0,0,0,0,0,0,0,0,1,0,0,0,1,0,0,0,0,0,4,1,0,0
Carlos Villanueva,Cardinals,0,0,0,0,0,0,0,0,0,5,0,0,0,8,0,0,0,0,0,42,11,0,3
Gorkys Hernandez,Pirates,0,0,0,0,1,0,0,0,0,0,0,0,0,5,0,0,0,0,0,13,5,0,0
Jered Weaver,Angels,0,0,0,0,0,0,0,0,0,1,0,0,0,2,0,0,0,0,0,6,2,0,0
David Huff,Dodgers,0,0,0,0,0,0,0,0,0,0,0,0,0,1,0,0,0,0,0,1,1,0,0
Mitchell Harris,Cardinals,0,0,0,0,0,0,0,0,0,1,0,0,0,1,0,0,0,0,0,5,1,0,0
Sam LeCure,Reds,0,0,0,0,0,0,0,0,0,0,0,0,0,1,0,0,0,0,0,4,1,0,0
Matt Cain,Giants,0,0,0,1,0,0,0,0,0,9,0,0,0,16,0,0,0,0,0,69,20,1,3
Felix Hernandez,Mariners,0,0,0,0,0,0,0,0,0,1,0,0,0,3,0,0,0,0,0,11,3,0,0
Joe Blanton,- - -,0,0,0,0,0,0,0,0,0,1,0,0,0,4,0,0,0,0,0,14,4,0,0
Michael Montgomery,Mariners,0,0,0,0,0,0,0,0,0,2,0,0,0,3,0,0,0,0,0,9,3,0,0
Jordany Valdespin,Marlins,0,0,0,0,0,0,0,0,0,1,0,0,0,4,0,0,0,0,0,14,4,0,0
Chris Tillman,Orioles,0,0,0,0,0,0,0,0,0,2,0,0,0,2,0,0,0,0,0,9,2,0,0
Manny Banuelos,Braves,0,0,0,0,0,0,0,0,0,1,0,0,0,3,0,0,0,0,0,22,7,0,4
Michael Pineda,Yankees,0,0,0,0,0,0,0,0,0,1,0,0,0,2,0,0,0,0,0,5,2,0,0
Austin Romine,Yankees,0,0,0,0,0,0,0,0,0,0,0,0,0,2,0,0,0,0,0,7,2,0,0
Matt Harrison,Rangers,0,0,0,0,0,0,0,0,0,1,0,0,0,2,0,0,0,0,0,11,3,0,1
Tyler Clippard,Mets,0,0,0,0,0,0,0,0,0,0,0,0,0,1,0,0,0,0,0,5,1,0,0
Radhames Liz,Pirates,0,0,0,0,0,0,0,0,0,0,0,0,0,1,0,0,0,0,0,4,1,0,0
Danny Salazar,Indians,0,0,0,0,0,0,0,0,0,4,0,0,0,4,0,0,0,0,0,14,4,0,0
Gonzalez Germen,Rockies,0,0,0,0,0,0,0,0,0,1,0,0,0,1,0,0,0,0,0,3,1,0,0
Randall Delgado,Diamondbacks,0,0,0,0,0,0,0,0,0,1,0,0,0,1,0,0,0,0,0,6,2,0,1
Joe Wieland,Dodgers,0,0,0,0,0,0,0,0,0,1,0,0,0,1,0,0,0,0,0,9,2,0,1
Scott Baker,Dodgers,0,0,0,0,0,0,0,0,0,1,0,0,0,3,0,0,0,0,0,17,4,0,1
Chris Archer,Rays,0,0,0,0,0,0,0,0,0,3,0,0,0,5,0,0,0,0,0,21,5,0,0
Jake Odorizzi,Rays,0,0,0,0,0,0,0,0,0,2,0,0,0,4,0,0,0,0,0,16,4,0,0
Trevor May,Twins,0,0,0,0,0,0,0,0,0,3,0,0,0,3,0,0,0,0,0,12,3,0,0
Blaine Hardy,Tigers,0,0,0,0,0,0,0,0,0,0,0,0,0,1,0,0,0,0,0,2,1,0,0
Craig Kimbrel,Padres,0,0,0,0,0,0,0,0,0,1,0,0,0,1,0,0,0,0,0,5,1,0,0
Miguel Socolovich,Cardinals,0,0,0,0,0,0,0,0,0,0,0,0,0,1,0,0,0,0,0,1,1,0,0
Collin Balester,Reds,0,0,0,0,0,0,0,0,0,0,0,0,0,1,0,0,0,0,0,3,1,0,0
Martin Perez,Rangers,0,0,0,0,0,0,0,0,0,2,0,0,0,2,0,0,0,0,0,13,2,0,0
Miguel Gonzalez,Orioles,0,0,0,0,0,0,0,0,0,0,0,0,0,1,0,0,0,0,0,4,1,0,0
Alex Torres,Mets,0,0,0,0,0,0,0,0,0,0,0,0,0,1,0,0,0,0,0,4,1,0,0
Pat Venditte,Athletics,0,0,0,0,0,0,0,0,0,1,0,0,0,1,0,0,0,0,0,8,1,0,0
Daniel Hudson,Diamondbacks,0,0,0,0,0,0,0,0,0,1,0,0,0,1,0,0,0,0,0,6,1,0,0
Austin Adams,Indians,0,0,0,0,0,0,0,0,0,0,0,0,0,1,0,1,0,0,0,1,1,0,0
Phil Hughes,Twins,0,0,0,0,0,0,0,0,0,0,0,0,0,3,0,0,0,0,0,14,3,0,0
Jordan Lyles,Rockies,0,0,0,0,0,0,0,0,0,11,0,0,0,19,0,0,0,0,0,78,19,0,0
Tommy Milone,Twins,0,0,0,0,0,0,0,0,0,1,0,0,0,2,0,0,0,0,0,7,2,0,0
Juan Nicasio,Dodgers,0,0,0,0,0,0,0,0,0,0,0,0,0,1,0,0,0,0,0,4,1,0,0
Hunter Strickland,Giants,0,0,0,0,0,0,0,0,0,1,0,0,0,1,0,0,0,0,0,3,1,0,0
Christian Friedrich,Rockies,0,0,0,0,0,0,0,0,0,0,0,0,0,3,0,0,0,0,0,8,3,0,0
Jason Gurka,Rockies,0,0,0,0,0,0,0,0,0,0,0,0,0,0,0,0,0,0,0,0,0,0,0
Steven Wright,Red Sox,0,0,0,0,0,0,0,0,0,0,0,0,0,1,0,0,0,0,0,6,2,0,1
Dean Anna,Cardinals,0,0,0,0,0,0,0,0,0,0,0,0,0,1,0,0,0,0,0,3,1,0,0
Homer Bailey,Reds,0,0,0,0,0,0,0,0,0,1,0,0,0,4,0,0,0,0,0,13,4,0,0
Deolis Guerra,Pirates,0,0,0,0,0,0,0,0,0,0,0,0,0,1,0,0,0,0,0,2,1,0,0
Rob Wooten,Brewers,0,0,0,0,0,0,0,0,0,0,0,0,0,1,0,0,0,0,0,6,1,0,0
Justin Miller,Rockies,0,0,0,0,0,0,0,0,0,2,0,0,0,2,0,0,0,0,0,12,3,0,1
Dustin McGowan,Phillies,0,0,0,0,0,0,0,0,0,3,0,0,0,3,0,0,0,0,0,13,3,0,0
Donovan Hand,Reds,0,0,0,0,0,0,0,0,0,0,0,0,0,1,0,0,0,0,0,3,1,0,0
Wade Miley,Red Sox,0,0,0,0,0,0,0,0,0,0,0,0,0,2,0,0,0,0,0,10,2,0,0
Antonio Bastardo,Pirates,0,0,0,0,0,0,0,0,0,2,0,0,0,2,0,0,0,0,0,10,2,0,0
Brandon Beachy,Dodgers,0,0,0,0,0,0,0,0,0,1,0,0,0,2,0,0,0,0,0,8,2,0,0
Dustin Coleman,Royals,0,0,0,0,0,0,0,0,0,3,0,0,0,5,0,0,0,0,0,14,5,0,0
Adam Warren,Yankees,0,0,0,0,0,0,0,0,0,1,0,0,0,3,0,0,0,0,0,14,3,0,0
Jeanmar Gomez,Phillies,0,0,0,0,0,0,0,0,0,1,0,0,0,1,0,0,0,0,0,7,1,0,0
Nathan Eovaldi,Yankees,0,0,1,0,0,0,0,0,0,2,0,0,0,5,0,0,0,0,0,22,5,0,0
Casey Kelly,Padres,0,0,0,0,0,0,0,0,0,0,0,0,0,2,0,0,0,0,0,6,3,0,1
Jordan Danks,Phillies,0,0,0,0,0,0,0,0,0,2,0,0,0,4,0,0,0,0,0,13,4,0,0
Keon Broxton,Pirates,0,0,3,0,1,1,0,0,0,1,0,0,0,2,0,0,0,0,0,10,2,0,0
Dylan Axelrod,Reds,0,0,0,0,0,0,0,0,0,1,0,0,0,2,0,0,0,0,0,7,3,0,1
Jared Hughes,Pirates,0,0,0,0,0,0,0,0,0,0,0,0,0,0,0,0,0,0,0,1,1,0,1
Quintin Berry,Cubs,0,0,1,0,2,1,0,0,0,1,0,0,0,1,0,0,0,0,0,6,1,0,0
Kris Medlen,Royals,0,0,1,0,0,0,0,0,0,0,0,0,0,0,0,0,0,0,0,2,1,0,1
George Kontos,Giants,0,0,0,0,0,0,0,0,0,2,0,0,0,2,0,0,0,0,0,9,3,0,1
Bud Norris,Orioles,0,0,0,0,0,0,0,0,0,1,0,0,0,4,0,0,0,0,0,10,4,0,0
Cody Decker,Padres,0,0,0,1,0,0,0,0,0,5,0,0,0,11,0,1,0,0,0,45,12,1,0
Burke Badenhop,Reds,0,0,0,0,0,0,0,0,0,0,0,0,0,1,0,0,0,0,0,7,1,0,0
Steven Baron,Mariners,0,0,0,0,0,0,0,0,0,2,0,0,0,11,0,2,0,0,0,31,11,0,0
Sergio Romo,Giants,0,0,0,0,0,0,0,0,0,1,0,0,0,2,0,0,0,0,0,7,2,0,0
Brandon Kintzler,Brewers,0,0,0,0,0,0,0,0,0,0,0,0,0,1,0,0,0,0,0,3,1,0,0
Jeff Bianchi,Red Sox,0,0,0,0,0,0,0,0,0,0,0,0,0,2,0,0,0,0,0,9,2,0,0
Keyvius Sampson,Reds,0,0,1,0,0,0,0,0,0,11,0,0,0,16,0,1,0,0,0,72,17,0,1
Ryan Weber,Braves,0,0,0,0,0,0,0,0,0,8,0,0,0,10,0,0,0,0,0,41,10,0,0
Aroldis Chapman,Reds,0,0,1,0,0,0,0,0,0,0,0,0,0,1,0,0,0,0,0,3,1,0,0
Ariel Pena,Brewers,0,0,0,0,0,0,0,0,0,6,0,0,0,7,0,0,0,0,0,20,7,0,0
Erasmo Ramirez,Rays,0,0,0,0,0,0,0,0,0,2,0,0,0,2,0,0,0,0,0,8,2,0,0
Robbie Erlin,Padres,0,0,0,0,0,0,0,0,0,1,0,0,0,5,0,0,0,0,0,14,6,0,1
Addison Reed,Diamondbacks,0,0,0,0,0,0,0,0,0,0,0,0,0,2,0,0,0,0,0,8,2,0,0
Adam Liberatore,Dodgers,0,0,0,0,0,0,0,0,0,2,0,0,0,2,0,0,0,0,0,8,2,0,0
Tyler Thornburg,Brewers,0,0,0,0,0,0,0,0,0,1,0,0,0,3,0,0,0,0,0,15,3,0,0
Scott Copeland,Blue Jays,0,0,0,0,0,0,0,0,0,1,0,0,0,1,0,0,0,0,0,6,1,0,0
Drew Hutchison,Blue Jays,0,0,0,0,0,0,0,0,0,0,0,0,0,0,0,0,0,0,0,0,0,0,0
Trevor Rosenthal,Cardinals,0,0,0,0,0,0,0,0,0,1,0,0,0,1,0,0,0,0,0,3,1,0,0
Shane Greene,Tigers,0,0,0,0,0,0,0,0,0,5,0,0,0,5,0,0,0,0,0,21,5,0,0
Tyler Cravy,Brewers,0,0,0,0,0,0,0,0,0,3,0,0,0,8,0,0,0,0,0,24,10,0,2
Casey Sadler,Pirates,0,0,0,0,0,0,0,0,0,0,0,0,0,1,0,0,0,0,0,6,2,0,1
Michael Choice,Rangers,0,0,0,0,0,0,0,0,0,1,0,0,0,1,0,0,0,0,0,7,1,0,0
Kyle Waldrop,Reds,0,0,0,0,0,0,0,0,0,1,0,0,0,1,0,0,0,0,0,3,1,0,0
Jose Quintana,White Sox,0,0,0,0,0,0,0,0,0,5,0,0,0,8,0,0,0,0,0,24,9,0,1
Anthony Ranaudo,Rangers,0,0,0,0,0,0,0,0,0,2,0,0,0,2,0,0,0,0,0,9,2,0,0
Gary Sanchez,Yankees,0,0,0,0,0,0,0,0,0,1,0,0,0,2,0,0,0,0,0,8,2,0,0
A.J. Cole,Nationals,0,0,0,0,0,0,0,0,0,0,0,0,0,2,0,1,0,0,0,6,2,0,0
Zach Lee,Dodgers,0,0,0,0,0,0,0,0,0,0,0,0,0,2,0,0,0,0,0,5,2,0,0
Bryan Mitchell,Yankees,0,0,0,0,0,0,0,0,0,1,0,0,0,1,0,0,0,0,0,6,1,0,0
Josh Osich,Giants,0,0,0,0,0,0,0,0,0,1,0,0,0,1,0,0,0,0,0,12,3,0,2
Garin Cecchini,Red Sox,0,0,0,0,0,0,0,0,0,3,0,0,0,4,0,0,0,0,0,13,4,0,0
Elias Diaz,Pirates,0,0,0,0,0,0,0,0,0,1,0,0,0,2,0,0,0,0,0,5,2,0,0
Erik Goeddel,Mets,0,0,0,0,0,0,0,0,0,0,0,0,0,1,0,0,0,0,0,5,1,0,0
Justin Grimm,Cubs,0,0,0,0,0,0,0,0,0,1,0,0,0,1,0,0,0,0,0,4,1,0,0
Hector Neris,Phillies,0,0,0,0,0,0,0,0,0,1,0,0,0,1,0,0,0,0,0,3,1,0,0
James Paxton,Mariners,0,0,0,0,0,0,0,0,0,2,0,0,0,2,0,0,0,0,0,6,2,0,0
Yordano Ventura,Royals,0,0,0,0,0,0,0,0,0,5,0,0,0,6,0,0,0,0,0,27,6,0,0
Orlando Calixte,Royals,0,0,1,0,0,0,0,0,0,0,0,0,0,3,0,0,0,0,0,9,3,0,0
Matt Andriese,Rays,0,0,0,0,0,0,0,0,0,0,0,0,0,1,0,0,0,0,0,4,1,0,0
Kendry Flores,Marlins,0,0,0,0,0,0,0,0,0,1,0,0,0,1,0,0,0,0,0,6,1,0,0
David Goforth,Brewers,0,0,0,0,0,0,0,0,0,3,0,0,0,3,0,0,0,0,0,13,4,0,1
Cody Martin,Braves,0,0,0,0,0,0,0,0,0,0,0,0,0,0,0,0,0,0,0,4,1,0,1
Seth Maness,Cardinals,0,0,0,0,0,0,0,0,0,2,0,0,0,3,0,0,0,0,0,7,3,0,0
Aaron Brooks,Athletics,0,0,0,0,0,0,0,0,0,0,0,0,0,2,0,0,0,0,0,10,2,0,0
Chris Bassitt,Athletics,0,0,0,0,0,0,0,0,0,1,0,0,0,2,0,0,0,0,0,9,2,0,0
Tony Cingrani,Reds,0,0,1,1,0,0,0,0,0,1,0,0,0,2,0,0,0,0,0,7,2,0,0
Blake Treinen,Nationals,0,0,0,0,0,0,0,0,0,1,0,0,0,2,0,0,0,0,0,11,4,0,2
Tyler Wilson,Orioles,0,0,0,0,0,0,0,0,0,0,0,0,0,2,0,0,0,0,0,10,3,0,1
Nick Martinez,Rangers,0,0,2,0,0,0,0,0,0,1,0,0,0,4,0,0,0,0,0,11,4,0,0
Rafael Montero,Mets,0,0,0,0,0,0,0,0,0,1,0,0,0,2,0,0,0,0,0,8,2,0,0
Cody Anderson,Indians,0,0,0,0,0,0,0,0,0,3,0,0,0,3,0,0,0,0,0,10,3,0,0
Elvis Araujo,Phillies,0,0,0,0,0,0,0,0,0,1,0,0,0,1,0,0,0,0,0,4,1,0,0
Andrew McKirahan,Braves,0,0,0,0,0,0,0,0,0,1,0,0,0,1,0,0,0,0,0,4,1,0,0
Logan Verrett,Mets,0,0,0,0,0,0,0,0,0,2,0,0,0,7,0,0,0,0,0,18,8,0,1
Andrew Chafin,Diamondbacks,0,0,0,0,0,0,0,0,0,1,0,0,0,3,0,0,0,0,0,8,3,0,0
Hisashi Iwakuma,Mariners,0,0,0,0,0,0,0,0,0,2,0,0,0,2,0,0,0,0,0,8,3,0,1
Henry Owens,Red Sox,0,0,0,0,0,0,0,0,0,2,0,0,0,2,0,0,0,0,0,11,2,0,0
Eduardo Rodriguez,Red Sox,0,0,0,0,0,0,0,0,0,2,0,0,0,2,0,0,0,0,0,17,3,0,1
Jesse Hahn,Athletics,0,0,0,0,0,0,0,0,0,2,0,0,0,3,0,0,0,0,0,13,3,0,0
Daniel Coulombe,Dodgers,0,0,0,0,0,0,0,0,0,1,0,0,0,1,0,0,0,0,0,5,1,0,0
Carl Edwards,Cubs,0,0,0,0,0,0,0,0,0,1,0,0,0,1,0,0,0,0,0,6,1,0,0
Tyler Wagner,Brewers,0,0,0,0,0,0,0,0,0,2,0,0,0,3,0,0,0,0,0,8,3,0,0
Lance McCullers,Astros,0,0,0,0,0,0,0,0,0,1,0,0,0,2,0,0,0,0,0,8,2,0,0
Jorge Lopez,Brewers,0,0,0,0,0,0,0,0,0,2,0,0,0,2,0,0,0,0,0,7,3,0,1
Andrew Heaney,Angels,0,0,0,0,0,0,0,0,0,3,0,0,0,5,0,0,0,0,0,19,6,0,1
Luis Severino,Yankees,0,0,0,0,0,0,0,0,0,0,0,0,0,2,0,0,0,0,0,5,2,0,0
Carlos Rodon,White Sox,0,0,0,0,0,0,0,0,0,1,0,0,0,1,0,0,0,0,0,6,3,0,2
Brandon Finnegan,Reds,0,0,0,0,0,0,0,0,0,2,0,0,0,4,0,0,0,0,0,21,6,0,2